UUID,Title,"First Name","Last Name","Street Address",Barangay,Municipality,Province,Country,"Phone Number","Mobile Number","Company Name","Company Website","Job Title","Favorite Color",Birthdate,"Email Address",Password
81af5a17-8857-3fba-a9a0-ad7686675f1b,Prof.,Carmella,Konopelski,"86A/44 Deckow Manor",bury,Tagum,Massachusetts,Tuvalu,495-383-053,754-285-462,"Runolfsson, Johns and Block",http://www.jacobs.com/omnis-ut-vel-ut-fugiat-dolorem-doloribus,"Police Identification OR Records Officer",Gold,2010-06-07,bianka.dietrich@murazik.com,"@_B\<xOqwPDm6E|&^"
bba02b30-77bd-3392-bc62-ab934631ee57,Miss,Cecilia,Will,"86 McLaughlin Pine Apt. 885",stad,Tabuk,Oklahoma,Bangladesh,643-977-259,719-044-602,Reinger-Hand,http://grady.com/excepturi-perspiciatis-voluptatem-quam-recusandae-consequatur,"Hand Trimmer",HotPink,1984-11-07,akuhlman@kuphal.com,-FC=a<J
36c19ae3-b9b1-3364-810d-739884db4049,Miss,Tremaine,Kunde,"56 Moen Garden",chester,Dapitan,Virginia,"Slovakia (Slovak Republic)",723-840-104,674-707-734,Wisoky-Conroy,http://collins.com/consequuntur-impedit-molestias-aperiam-labore-qui-officiis-ex,"Insulation Worker",ForestGreen,2016-11-20,williamson.judge@yahoo.com,n!jW_*|;%pQN$`!s@zp
32099939-8ea5-3f3f-a4d4-510c5eb74c63,Mr.,Franco,Jacobi,"10 Langosh Port",port,Tanauan,Arizona,Comoros,646-224-109,673-903-822,"Dach Inc",http://www.nikolaus.net/,"Rough Carpenter",MediumSpringGreen,1980-09-07,becker.maynard@gmail.com,",ZL8qBd2m1f""H9A/R"
45db9f89-0def-3f1e-9d86-cc095e64243f,Prof.,Isaiah,Huel,"54/50 Willms Haven Apt. 625",ville,"San Jose del Monte",Delaware,Anguilla,144-410-566,407-178-907,"Ratke, Bernhard and Zieme",http://schaden.com/illum-modi-error-alias-quia-qui-possimus-et-aut,"Forest and Conservation Worker",CornflowerBlue,1993-12-14,maiya.monahan@wiza.net,"S},pckM88"
056c7e43-9f7d-3cb9-b91f-52de08fa16e6,Dr.,Trycia,Kunze,"31/16 Boyer Courts",stad,Palayan,Pennsylvania,"San Marino",377-960-449,661-761-378,Collier-Nitzsche,https://heller.com/voluptatem-et-inventore-quo-ullam-tenetur-eligendi.html,"Environmental Science Teacher",Darkorange,1978-03-14,walter.brenna@schumm.com,[<!DIEu#zti^UBh)3Re
635e49ab-6e1a-3418-b470-48ba30224c20,Prof.,Beatrice,O'Reilly,"28/29 Crona Mills",furt,Ligao,Tennessee,"Norfolk Island",959-405-521,863-526-288,Kiehn-Rempel,http://www.ankunding.org/delectus-vitae-id-quis-tenetur-dolore-at-voluptatum,"Shuttle Car Operator",Yellow,1974-10-02,ikonopelski@greenfelder.biz,"KyB""o*=g6<v]Z,!h"
117bc177-b2ff-3b59-a9b8-85e90d7a52a9,Prof.,Monserrate,Kassulke,"41A/20 Ritchie Squares Apt. 914",mouth,Borongan,Louisiana,"Hong Kong",029-579-387,158-381-469,"Durgan, Senger and Lakin",http://eichmann.info/corrupti-culpa-mollitia-quo-voluptates-officiis,"Sawing Machine Tool Setter",MintCream,1981-04-11,denis84@hotmail.com,!j)IE0}S<hc`$
9671f646-0042-3e53-a3e5-81198aef055f,Dr.,Alejandrin,Kerluke,"84 Beatty Causeway Apt. 877",bury,"San Carlos","New Hampshire",Denmark,585-319-526,147-095-470,"Hyatt, Streich and Lubowitz",http://www.huels.com/dolorum-dignissimos-aperiam-distinctio-doloremque-qui,Butcher,Tan,1971-11-03,esther.breitenberg@farrell.info,j|sCw5z9DeoX6o^
05bd0389-d756-3bb4-9444-8a6e7ca0f02b,Miss,Emmanuel,Runolfsson,"07A Greenholt Plain Apt. 195",burgh,Candon,Alaska,Macedonia,728-668-081,312-155-385,Bartoletti-Daugherty,http://haley.com/ut-minima-tempore-molestiae-dicta-accusantium-ut-aut-culpa,"Air Crew Officer",DarkCyan,2001-03-08,hessel.neal@okeefe.biz,"ep#""G.bHoiEm_nZ(,3S"
5c723711-4efd-30b9-ae79-76bccb1fe19e,Dr.,Providenci,Feest,"13 Tromp Forest Apt. 086",view,"Santa Rosa",Florida,France,288-047-527,970-505-431,Gorczany-Schoen,http://padberg.info/aliquam-aut-sed-voluptas-voluptatem-corrupti-iusto-ut,"Makeup Artists",Lime,1998-08-04,zbatz@yahoo.com,8[lK^{.Y~n5$JN
5fb7d33b-90d7-3d59-adc8-db76b7183b50,Ms.,Alfonzo,Heaney,"33 Walter Trafficway",borough,Muntinlupa,"New Jersey","Pitcairn Islands",201-330-804,917-298-338,"Langosh, Zulauf and Hand",http://botsford.com/et-quia-perspiciatis-exercitationem-voluptatem-explicabo,"Environmental Engineer",Olive,1994-07-12,jensen.dubuque@gmail.com,LrbH1x-'
03b5dfd7-fe13-30bc-8cfd-db9550833223,Prof.,Claudie,Greenfelder,"21A/48 Braun Expressway Apt. 832",town,Cauayan,Arizona,Cyprus,399-382-684,132-954-048,"Batz Group",https://rice.com/eum-quisquam-ut-et-nobis-ut-consectetur.html,"Commercial Pilot",LightGreen,2004-03-09,bfahey@spinka.biz,E`MKM5As#)z
062a09d7-f1c6-3830-843c-add2ddaac161,Prof.,Bradley,Murazik,"28 Lubowitz Manors Apt. 350",chester,"El Salvador","North Carolina",Denmark,892-923-921,612-503-025,"Yundt and Sons",https://www.yundt.biz/quis-magni-reiciendis-quia-itaque,"Director Of Business Development",MediumSeaGreen,1980-02-08,pward@gmail.com,"!08AX1MU-"""
9cf6321c-f300-3274-9818-49e41f650ab5,Miss,Laurianne,Kuvalis,"90A/41 Mante Port Apt. 069",bury,Baybay,Michigan,Macao,578-786-492,188-413-965,"Schmeler and Sons",https://jakubowski.com/corporis-nam-adipisci-a-et.html,"Office Machine and Cash Register Servicer",Wheat,1979-05-16,ethel31@yahoo.com,"r]u@^,"
44fd4fd1-9a50-3bac-9179-359600ee4a0a,Prof.,Sabryna,Torphy,"16/87 Swift Parks Suite 806",burgh,Guihulngan,Colorado,Paraguay,434-130-025,054-283-047,Feeney-Labadie,http://www.jakubowski.com/,"Molding Machine Operator",MediumPurple,2010-07-02,gcarter@yahoo.com,sc!6h']'d/M
be0d7d4b-999e-3202-a33e-e60458b0f3da,Mrs.,Sebastian,Nader,"32 Strosin Oval Apt. 774",shire,Butuan,"North Carolina",Italy,281-750-153,850-187-717,Wyman-Rodriguez,http://www.goyette.com/aliquam-ratione-sapiente-deleniti-sed-omnis-assumenda,"Material Moving Worker",Olive,1987-06-17,casper.lura@goodwin.com,-:@;2f}RUa)CELe{wMt
4f3ff72d-4e60-3096-85fd-30181633497a,Miss,Edward,Herman,"48A McCullough Lock Suite 065",port,Baybay,Hawaii,Korea,256-361-585,959-067-571,Rohan-Veum,http://conroy.com/aut-nam-temporibus-deleniti-a,"Heavy Equipment Mechanic",MediumOrchid,1987-12-21,jarrett.lebsack@gmail.com,#K4SAIXKnFzO
d2c5a9ce-5698-335d-98f3-ace976d40a55,Miss,Mireille,Stiedemann,"79/62 Kulas Fall Apt. 624",port,Antipolo,"South Dakota","United Kingdom",350-773-000,621-251-128,"Ullrich Inc",http://feil.com/quo-unde-dolorem-quia-quam-qui-quo-atque,"Geography Teacher",Plum,1999-03-12,krajcik.merl@rosenbaum.com,"W+Ejz`qrF+IV`[o,ya6!"
266eef5c-aa5a-3bad-83d8-682009a2a7cb,Mr.,Demarco,O'Reilly,"33A Swaniawski Turnpike Suite 117",fort,Santiago,Florida,Nigeria,559-960-316,076-096-344,"Grady PLC",http://www.kilback.com/,"Vice President Of Human Resources",DarkOrchid,1993-02-28,abernathy.luis@stracke.com,bOc{=M5[&h]Pd0
5fadc15f-4cdc-34a8-8026-62503ae5237e,Dr.,Bailee,Fritsch,"15A Schumm Field Apt. 643",ton,"Tarlac City","West Virginia","Antarctica (the territory South of 60 deg S)",720-746-918,429-189-215,"Lubowitz Group",http://prohaska.com/sed-ad-ad-fugit-molestiae-deserunt-dolor-error-repellendus.html,"Educational Counselor OR Vocationall Counselor",SlateGray,1977-11-26,alvah46@jacobs.biz,(GfW6ASc
d99ea140-47d8-37be-a16f-d47538fa7a0e,Prof.,Aurore,Tromp,"22A/07 Kuhn Radial Suite 206",ton,Tagum,Delaware,Somalia,831-442-173,802-317-712,"Wolff and Sons",https://cremin.biz/nostrum-suscipit-aspernatur-beatae-quidem-ea-ipsum-assumenda-non.html,"Manager of Air Crew",Orchid,2007-08-31,bennett96@yahoo.com,%j@6k]41%(W2i}rJ@!
8efc7f30-9f97-353d-8a97-507c8bc13e2c,Dr.,Samson,Miller,"97 Blick Underpass Apt. 698",mouth,Lucena,Oklahoma,Pakistan,107-327-382,080-016-413,"Stamm, Bogan and Skiles",http://www.huel.org/et-nihil-dolore-minus-esse.html,"Product Safety Engineer",Maroon,1973-08-07,bernice.abbott@hotmail.com,tX90pd5L.ur~RBO_
ec73df46-d0f2-3672-b457-fb8292f912bd,Dr.,Braeden,Carroll,"24A Williamson Parkways",side,Antipolo,Oklahoma,Macao,655-135-510,838-301-209,"Becker Inc",https://www.rolfson.com/dolorum-mollitia-ipsum-et-quia-consequatur-eligendi,"Fence Erector",Khaki,1987-02-14,hartmann.edison@hotmail.com,"^sNt*;h2Dq9!""t"
d997a21f-b922-3274-abba-ce727d6e5982,Prof.,Frances,Becker,"59 Dare Valleys Suite 253",mouth,Kabankalan,Illinois,"Christmas Island",097-080-253,324-352-901,"Swaniawski LLC",https://www.hauck.org/vel-non-non-repellat-possimus-itaque-est-quo,"Sales and Related Workers",MidnightBlue,1977-06-11,lauretta25@lueilwitz.com,r9:&C?
6010df1f-d90b-38c9-91ea-989634933963,Dr.,Hester,Ritchie,"99A Blick Plaza Suite 477",view,Muñoz,Massachusetts,Gambia,226-194-355,022-685-411,"Renner, Kuphal and Gulgowski",http://www.jacobs.com/,"Order Filler OR Stock Clerk",SeaShell,1980-07-26,eryn.jast@collier.com,"dhu|vD/d#P&zG,M"
939fba52-8e6d-3b6e-bc98-63b389aed647,Prof.,Justine,Hirthe,"75/45 Mills Mission Suite 096",furt,"Zamboanga City",Oklahoma,Monaco,556-359-550,505-947-213,Robel-Cruickshank,https://williamson.com/qui-officiis-debitis-quia-ea-sit-omnis-sunt.html,"Nuclear Monitoring Technician",MidnightBlue,2001-04-30,nico.ullrich@schmidt.com,R05$0[O$#E
236acf6c-17a6-31b6-af80-5db57dfb963a,Prof.,Tremayne,Rippin,"95A/04 Pacocha Court",fort,Candon,Idaho,Anguilla,239-969-420,446-799-695,"Little LLC",http://orn.com/itaque-doloribus-odit-deleniti-amet-reprehenderit-sed.html,"Heat Treating Equipment Operator",LightSalmon,1976-11-10,afeil@ritchie.com,"7ov_\ftqct7_}3`U?MG7"
f2e525ca-0bf1-3764-a25e-42bdfadd34c2,Dr.,Bernadette,Stamm,"46/82 Hilpert Heights",mouth,Cauayan,"North Dakota","Palestinian Territories",385-278-978,787-228-762,"Gorczany, Littel and Bernier",http://legros.com/labore-eum-consequatur-recusandae-facere-sed.html,"General Manager",HotPink,1991-02-12,crath@schimmel.com,"Q\}N.-cL9Z4A"
e6afec1d-342d-34c4-8047-9301b26a593e,Mr.,Donald,Hudson,"26/13 Emard Extension Suite 937",haven,Bislig,Minnesota,"British Virgin Islands",130-457-014,531-471-135,"Lindgren, Toy and Hilpert",http://schiller.com/aut-quibusdam-doloribus-est,"Office Machine Operator",LightYellow,2013-07-02,ureichel@ankunding.com,dw~Pg@i4L'HMz
52116d9d-91ca-3bc0-b51a-a2b4640f315b,Miss,Berneice,O'Kon,"48 Streich Extensions",fort,"Masbate City","South Carolina",Guam,054-609-665,243-172-923,Ledner-Abshire,https://www.price.com/minus-cumque-repudiandae-error-eligendi-rerum,"Telephone Operator",Lavender,2001-03-07,rebeca.christiansen@gleason.com,cwSNK0P
af08642f-13a2-3904-b049-7aff98e18609,Prof.,Erik,Jerde,"76A Kovacek Islands",mouth,Tacurong,Wisconsin,"Holy See (Vatican City State)",028-159-916,630-099-583,"Bruen, Mann and O'Reilly",http://raynor.com/qui-sapiente-sunt-ut-enim,Pipelayer,SteelBlue,1975-02-10,fern.thiel@gmail.com,"bvb<\Db#&GR`o5;"
bb7f37bd-2d58-3652-b76a-41227406f5b4,Prof.,Ernie,Mohr,"88A Corwin Flats",shire,"Cavite City",Nevada,Slovenia,702-976-827,264-223-189,"Russel and Sons",https://kshlerin.com/asperiores-sint-sunt-debitis-et-qui.html,"Compacting Machine Operator",LightBlue,1998-09-09,crooks.kendra@rice.biz,"~$[D',a^0N'"
c652fa2d-cbd3-3876-a4e3-d139db8c0598,Prof.,Rossie,DuBuque,"90 Kiehn Plain Apt. 972",ville,Mati,Indiana,"Holy See (Vatican City State)",989-617-659,397-344-684,"Marks PLC",http://www.langosh.net/,"Orthotist OR Prosthetist",Fuchsia,2010-01-21,stevie.hahn@wiza.com,"/""eCd&>|8rc8i3;$Jv>"
96d4d988-0a09-33f7-933b-6f5d8fe04587,Dr.,Tyshawn,Koepp,"47A O'Hara Mews Apt. 476",bury,Gingoog,"New Hampshire",Yemen,357-472-019,968-400-917,Ankunding-Bergstrom,http://bergnaum.com/voluptatem-porro-aliquid-nobis-voluptate-omnis-aut.html,"Counseling Psychologist",Aquamarine,2009-12-17,thiel.maggie@okuneva.com,_uVJD_
6da46350-780a-3924-a425-4e6ad2f0377e,Dr.,Roxanne,Macejkovic,"78A Tillman Islands",furt,Batac,Oklahoma,Spain,511-407-799,251-663-608,"Swift, Morar and Swift",http://www.schumm.com/rem-sapiente-doloribus-non-temporibus-nihil,Mathematician,Sienna,1970-02-22,emily.friesen@hotmail.com,"6h,Ci62!D{(+C"
873b164c-b5a7-3f84-9270-d4a63fb4dba6,Miss,Kennedy,Mosciski,"02A Konopelski Crest Suite 108",port,Ozamiz,Wyoming,Korea,052-769-338,985-238-024,Ratke-Smitham,http://www.fritsch.com/ex-ratione-ratione-perspiciatis-sunt.html,Barber,SkyBlue,1999-06-04,muller.hattie@gmail.com,{3o0jv_==|I_s2X
15bfa051-85d6-392a-8730-a7299c10a3bf,Dr.,Ellen,Crist,"69A Hyatt Knoll",shire,Marikina,"South Carolina",Paraguay,915-511-875,070-624-672,Larson-Ondricka,http://mohr.com/reprehenderit-et-et-voluptas-repellat-et,"Diamond Worker",LightCoral,1986-04-08,mitchell.jeffrey@yahoo.com,;j%Bs$
e837ac0d-216d-3530-bb41-13cadc36cc0f,Prof.,Anastacio,Becker,"77A Kirlin Glens",town,Pasig,Florida,Ecuador,618-490-137,416-562-607,Friesen-Fay,http://www.stracke.info/earum-aut-ipsam-et-facere-et-mollitia,"Maintenance Equipment Operator",CadetBlue,1978-06-19,xschowalter@gmail.com,"""W'&us!Ymg~?fkOnDe"
d1b1e814-3b00-32ce-a4f9-d86a6c3a1f74,Dr.,Forest,Swift,"85/99 Ryan Spring Apt. 139",stad,Marawi,"New Mexico","Solomon Islands",512-469-261,988-955-012,"Gorczany LLC",http://romaguera.org/suscipit-non-distinctio-omnis-saepe,Patternmaker,DeepSkyBlue,1971-08-31,mark.metz@bogan.net,"\#c8e5`VB#?/Bs]:,h"
36c23eb0-8753-33b6-a64e-b9d8a6775e27,Prof.,Cristian,Swift,"34A Krajcik Meadows Apt. 016",mouth,Manila,Alaska,"Costa Rica",196-305-269,896-626-399,"Yost Inc",http://torphy.com/,"Agricultural Science Technician",DarkGreen,2018-03-07,christy.leffler@hotmail.com,+d47P}K!>by:/QyC
1019ab82-e106-321b-a2ef-830d1e6deac9,Ms.,Brionna,Welch,"50 Murazik Gardens Suite 507",fort,Tacurong,Mississippi,Madagascar,504-351-430,551-222-127,Hilpert-Ruecker,http://wintheiser.com/vel-accusantium-praesentium-dolorem-itaque-nihil-quibusdam-fugiat,Forester,Orange,1996-05-29,duncan.kessler@gmail.com,4%126P;x+<p'
c54050b1-5648-3d5b-893a-4a62ef9eddac,Prof.,Florine,Streich,"67A/06 Rogahn Rapids Apt. 545",land,Gapan,"North Dakota",Iran,941-563-022,527-886-699,"Ebert Inc",http://miller.info/,"Communications Equipment Operator",DarkTurquoise,2023-03-29,trace58@yahoo.com,Szmd&yC
60405214-bdb3-39d9-808b-4fef72735985,Dr.,Lottie,Kutch,"46A/40 Muller Brook Apt. 992",shire,Tagaytay,Nebraska,"Burkina Faso",848-729-215,609-285-500,"Durgan Group",http://ward.com/,"Mail Machine Operator",SteelBlue,2016-04-18,kasandra72@ryan.com,",vYpU:dSS4#-x"
a2cd3f05-7cf8-33d4-829a-8e51ef7cc556,Prof.,Shad,Koepp,"76/72 Mitchell Harbor",land,Lamitan,Nebraska,Albania,043-274-472,448-194-373,"Schroeder, Senger and Moen",https://www.sporer.biz/enim-explicabo-dolorem-quam-enim-iusto-tenetur,Electrician,Blue,2004-06-17,qpadberg@yahoo.com,6_{6Dt{ri^tPth('.#tb
0887f5c4-d6c2-3a04-9fcd-29f6c6abdf3b,Mr.,Wilton,Mraz,"06A Pfeffer Extension Suite 502",berg,Malabon,Wyoming,Canada,111-441-757,125-241-058,"O'Connell, Bahringer and Rempel",http://www.walsh.com/,"License Clerk",MediumAquaMarine,2019-12-15,reinger.candace@hotmail.com,"A|""Rv(1%)JFUHI:Cz"
dfdceca0-cfc8-3de5-826b-0452452959f4,Prof.,Ludwig,Halvorson,"57A/81 Wiegand Shoal Apt. 928",side,Dumaguete,Virginia,Benin,004-772-693,711-402-400,"Runolfsdottir, Jast and Mayert",http://sipes.com/,"Product Promoter",DarkMagenta,1980-01-02,pokeefe@yahoo.com,GL.}jw&wR6SOlD@6OT
e3d5f46a-09e6-37f6-9040-e0fc4e2df7d5,Prof.,Nedra,Treutel,"30A/15 Oberbrunner Streets",ton,Balanga,Georgia,"Marshall Islands",112-000-357,964-127-113,Parisian-Trantow,http://hauck.info/animi-consectetur-in-incidunt-voluptatem-nobis-suscipit-qui,"Poultry Cutter",PaleGreen,2010-10-03,bo.fisher@gmail.com,<!eIyJ*ZPC@T^L<
bd276228-edc3-389b-ad47-8e097b569ec9,Prof.,Lucy,Steuber,"27A Fadel Parks Suite 781",furt,"Iloilo City","District of Columbia","Isle of Man",267-382-435,122-362-560,"Rice, Sipes and Schaden",http://kris.net/est-et-labore-dolorem-in-ab-corporis.html,"Plastic Molding Machine Operator",DimGrey,2001-06-04,howe.armani@turner.info,/I{$PR
e147caf0-5a20-36f5-8da0-cc1409f0d93a,Prof.,Watson,Aufderhar,"52/65 Homenick Lakes",ville,Gingoog,Wisconsin,Ireland,893-070-076,844-024-042,Bogisich-Homenick,http://www.gottlieb.net/et-ut-quos-omnis-quis-sunt-reprehenderit-beatae.html,"Director Of Talent Acquisition",DarkBlue,1986-10-12,ocassin@legros.com,Hvs&1jsc.gMuFI
b82a2c99-1a3b-3541-bd79-383337d36532,Ms.,Ruthe,Jones,"38A Wyman Crossing Suite 863",chester,"Quezon City",Texas,Dominica,670-003-735,956-313-731,"Ortiz and Sons",https://www.cummings.net/accusamus-ut-inventore-dolorum,"Social Scientists",Navy,2019-05-08,urban.lockman@cummerata.com,"Oe[4""9ksaK?3!<$/b"
996a1def-b52f-311b-a587-56d45a9b798d,Prof.,Taya,Morissette,"99/37 Lakin Overpass Apt. 055",ton,"Iloilo City",Maryland,"Puerto Rico",039-261-073,155-963-646,DuBuque-Considine,http://www.kilback.info/,"Commercial and Industrial Designer",Cornsilk,2003-02-09,bartoletti.estevan@ritchie.net,)@$ISC
3cef7d89-42e1-3297-a686-4e09df418f22,Mr.,Kiana,Cruickshank,"03A O'Connell Manor Apt. 150",side,Candon,"South Dakota","French Polynesia",952-496-776,349-767-653,"Klein, Stracke and Torp",http://hirthe.com/sint-vel-nesciunt-exercitationem-accusamus,"Natural Sciences Manager",LightYellow,1991-02-25,lavina.hudson@parker.com,'!<:UR$KSE!0
0cffd46e-87e2-38a8-a57d-592db9442d89,Ms.,Annabel,Lind,"89/52 Stamm Grove",side,Cabanatuan,Vermont,Switzerland,363-863-747,046-914-406,"Rosenbaum, Sipes and Bogisich",https://www.boyle.info/excepturi-non-numquam-magni-perferendis-nemo,"Administrative Law Judge",BlanchedAlmond,2018-08-06,claud.emmerich@hotmail.com,)JqUJ[y1;etk
5cebb757-9a50-3743-838a-d0b8f0148980,Prof.,Denis,Jacobson,"84A/75 Bogan Vista Apt. 813",borough,Cauayan,Idaho,"Svalbard & Jan Mayen Islands",196-342-176,917-811-720,Rempel-Runolfsdottir,https://conn.com/hic-aut-iure-voluptas-dolor-deleniti-voluptatum-odio.html,"Percussion Instrument Repairer",OliveDrab,2023-08-08,lwalter@king.org,!A~dES=*I7+~aj&TR
d9f30f47-a0c5-3e9f-ac28-159d03ad5399,Ms.,Kenna,Russel,"58 Hickle Overpass Suite 850",stad,"San Fernando",Montana,Taiwan,078-434-318,886-698-295,"Buckridge LLC",http://www.lowe.com/est-itaque-et-vel-aspernatur,"Business Teacher",Gainsboro,1976-05-24,jeramie.reichert@vandervort.com,"2zf6p?*\{"
d5d9d1b9-1282-3958-8037-f712c6bc1cca,Ms.,Michel,Feest,"44 Hagenes Circle",chester,Mati,Arkansas,Mayotte,627-278-620,506-926-762,"Friesen, Daugherty and Upton",http://www.tillman.com/iste-aut-et-sint-animi.html,"Architectural Drafter",Sienna,2014-04-05,herman45@jacobs.com,"ZY\,<o"
78bcf52f-16b6-348d-a55a-0d8fdb1b9e95,Prof.,Christine,Mosciski,"96 Kreiger Mews Suite 110",shire,Kabankalan,Kentucky,Cuba,295-929-086,913-305-601,Gorczany-Jacobson,http://www.goodwin.com/,"Home Economics Teacher",SaddleBrown,1989-10-03,weber.eladio@schimmel.com,"5PVb5261b9+$\k"
23cdddc2-52f7-37b5-b340-f4d5a484314d,Prof.,Gabriel,Keebler,"23 Jacobson Wall Apt. 275",town,Sipalay,"New Mexico","Slovakia (Slovak Republic)",232-457-939,884-846-076,Wiza-Prosacco,http://www.corwin.com/,"Geological Data Technician",Lavender,1989-03-16,yost.kris@powlowski.com,"Xl,k1:=J"
4f3cb71e-17ff-3249-b426-91c346f198c5,Prof.,Romaine,Murphy,"56/65 Pacocha Oval",side,Tabuk,Indiana,Bolivia,618-123-402,767-398-623,Turcotte-Johnson,http://www.abernathy.org/earum-quos-tempore-accusamus-dolores-nostrum-placeat-iusto,Trainer,Ivory,1998-03-02,casimir.grant@hotmail.com,1QPm*NY=
2dd0413a-5c4d-3e06-9fcc-a70319a3a659,Prof.,Zoey,Hoeger,"45A/72 Franecki Overpass Suite 925",ton,Alaminos,Oregon,Greece,224-583-534,663-203-279,"Greenholt Group",https://vandervort.info/aut-sit-similique-architecto-dolor-iste-et.html,"Social Media Marketing Manager",BurlyWood,1974-05-03,purdy.jailyn@gmail.com,.{{w1}C=Z:K$QsqDzk
7f5e8eec-4dac-33a4-b422-0bfae94f9e80,Prof.,Shemar,Balistreri,"58 Funk Vista",stad,Parañaque,Colorado,Greece,077-184-918,817-500-130,Gulgowski-Mertz,http://erdman.com/repellat-repudiandae-aut-aliquid-sed-voluptatibus-earum-omnis,"Drywall Ceiling Tile Installer",ForestGreen,1972-11-06,brisa90@yahoo.com,"Irv""^=h~Aofw9?J{Qz<"
8d39fb6c-454c-3529-b756-40dae0246c44,Ms.,Wilfredo,Steuber,"42 Jacobs Manor",mouth,Palayan,Arizona,"Slovakia (Slovak Republic)",883-780-863,618-787-372,Kozey-Wiza,https://www.torphy.net/architecto-ab-repudiandae-odio-sed-ea-possimus,"Personal Care Worker",PapayaWhip,2000-05-12,cmraz@armstrong.com,"Urg1l&[0bU3-y8_#'""I"
27c9f38e-bbec-3caf-bef8-7169f37bca78,Dr.,Laury,Herman,"58/27 Smith Freeway Suite 697",shire,"Surigao City","New Mexico",Senegal,291-956-663,887-859-052,O'Kon-Feil,http://www.donnelly.com/,"Storage Manager OR Distribution Manager",Salmon,2008-09-17,selina08@nienow.net,"+11D\$DC"
f11eb8ae-793f-3c54-9ebf-73256737e4d5,Dr.,Lucile,Orn,"72A/00 Keebler Spur Suite 192",fort,Cauayan,"New York","Saint Lucia",242-613-205,938-537-487,"Gottlieb and Sons",http://schmidt.biz/quaerat-enim-enim-aperiam-reiciendis-nemo-labore,"Petroleum Technician",GhostWhite,2006-05-28,cassandra65@yahoo.com,`@zZV:yl
95a094c1-43d3-3ba3-ab15-79b47b044be2,Dr.,Hardy,Dach,"96 Reinger Mall Suite 246",town,"San Fernando",Illinois,Morocco,141-140-514,389-395-606,"O'Kon and Sons",http://www.gleason.com/natus-eaque-placeat-ab-ad-soluta,Cartographer,ForestGreen,1976-04-04,dangelo04@schowalter.com,UtTF'u!'9
60eadb88-bc6b-3a5d-8cdc-748b39945f19,Mrs.,Erick,Parker,"28A Frami Branch Suite 132",burgh,Bacolod,Delaware,Mexico,933-151-251,811-084-354,"Deckow, O'Kon and White",https://denesik.com/cum-eum-quos-ea-eveniet-nesciunt-nihil.html,"Organizational Development Manager",Aqua,1972-03-24,juwan.kuhlman@torphy.com,J]2Jg6oqNs
cd8ed82e-db79-37aa-91a7-8bdff0fbb30b,Miss,Phyllis,Carroll,"28 Feest Pike",side,Tandag,Arizona,Gabon,911-780-628,216-046-959,Steuber-Harris,http://abernathy.com/dolorem-culpa-quibusdam-asperiores-voluptatem.html,"Survey Researcher",Sienna,2024-03-05,korbin.waters@gmail.com,kphoMwC|KnRv
08fbab54-170f-3b6a-bcc1-430f4767840e,Mr.,Cristopher,Fritsch,"80/32 Pfannerstill Haven",ville,Calbayog,"New York",Turkey,398-602-538,694-345-010,Metz-Yundt,http://www.stokes.info/et-quo-laborum-expedita-qui-eaque.html,"Mail Machine Operator",White,2003-07-11,franecki.jordyn@stroman.com,cW)2D%Rz%2
1f1970f6-1771-3674-ad5f-c65e8e5e9359,Prof.,Barton,Turner,"53/77 Lesch Plaza Apt. 895",shire,Calapan,Idaho,"United States of America",432-441-433,570-468-171,"Schumm, Fay and Jones",http://conn.com/magni-consequatur-commodi-cum.html,"Night Security Guard",MediumSlateBlue,1993-07-05,nader.zula@hotmail.com,"!,0""3""~)NrNY%@'"
00914121-b387-390e-b30c-0c1dd96abfa7,Prof.,Emelia,Ebert,"03A/28 Mann Dale Apt. 875",berg,Dasmariñas,Hawaii,Chile,145-702-327,520-996-760,White-Stracke,http://sanford.com/,"Electrical Drafter",LightCoral,1998-09-18,carey.medhurst@gmail.com,w`|EwTI
446ba12e-a546-376a-92c0-58661a88d23b,Mr.,Aletha,Koepp,"15/51 Mitchell Ways Apt. 588",berg,Bacolod,Connecticut,Honduras,676-674-329,854-448-300,Cartwright-Sawayn,http://www.langworth.com/quos-culpa-tempora-nemo-perferendis-rem-assumenda-omnis.html,"Molding and Casting Worker",PeachPuff,1971-05-29,renner.nikko@hotmail.com,MU%Ce5{wz#i
8c26a64e-33b0-3f3a-a0ce-87345bf3f552,Prof.,Efrain,Lehner,"26A Thompson Fields",haven,Tanjay,"West Virginia","Papua New Guinea",628-653-206,775-460-807,McCullough-Bruen,http://www.sawayn.biz/qui-quam-expedita-architecto.html,"Armored Assault Vehicle Crew Member",DarkMagenta,1975-02-23,vcruickshank@yahoo.com,1^cXBej3U8
15ec36f8-e7c5-3143-93a5-6ab2670069f3,Ms.,Stacey,Stehr,"19/97 Mitchell Square",haven,"Batangas City",Iowa,Timor-Leste,922-168-026,654-440-224,"O'Reilly, Quigley and Toy",http://armstrong.net/,"Aircraft Cargo Handling Supervisor",LimeGreen,2009-07-28,zhackett@gmail.com,[R0MUni}IL4tg+-
75bef611-f90b-38ea-b672-cdee451375bb,Mr.,Porter,Nader,"62 Connelly Locks",land,Toledo,Louisiana,Guyana,169-334-028,594-423-690,"Skiles, Bahringer and Schiller",http://www.fay.com/consequuntur-deserunt-sit-soluta-quisquam-optio-et-et-iure,"Software Engineer",DimGray,1993-09-03,waelchi.willy@schultz.com,"jN?S@c\`oVflVk`kBBF"
a9c94cc1-9833-33a8-a3a7-3249079450fe,Dr.,Brooke,Jacobs,"16A/66 Hagenes Mountain Apt. 404",burgh,Dasmariñas,Alabama,Burundi,900-057-884,944-968-492,Effertz-Marquardt,http://www.heaney.com/,"Education Administrator",LawnGreen,2024-07-17,ogibson@rau.com,R!GYBs6`&5$
96785536-2cbc-3d11-bcec-8b952e68ff27,Dr.,Devonte,Sawayn,"76 Effertz Park",ton,Malabon,Iowa,Kuwait,305-295-650,746-999-319,Quitzon-Considine,https://jacobson.net/nesciunt-in-quia-exercitationem-mollitia-rerum-magnam-maxime.html,"Heating Equipment Operator",LightGreen,2009-07-05,duncan.homenick@padberg.com,"XyI4W7GZ#`?(&9n""PV"
1faa51c0-406d-39a4-bcb2-e336e19d4368,Prof.,Marshall,Corkery,"29A Keeling Gateway Apt. 970",land,Pagadian,Minnesota,Botswana,070-076-531,197-257-526,"Senger, Nikolaus and Monahan",http://www.gutmann.info/dolores-quia-repellendus-maiores,"Plating Operator",Khaki,1990-04-07,kmcclure@yahoo.com,vWk4Lg!A/_
a9c2deba-0c77-33c5-b37b-603dbb71bf9f,Mr.,Kane,Hayes,"34 Hodkiewicz Ports Suite 880",stad,Baguio,"New Jersey","Antarctica (the territory South of 60 deg S)",192-599-289,978-822-061,"Mosciski, Walter and Barton",https://powlowski.com/aut-vel-adipisci-at-ab-aliquid-qui.html,"Scanner Operator",MediumSeaGreen,2014-06-20,tvandervort@hotmail.com,":C{&!p',`&R~B2maN+S"
6de08d96-b79d-3ecc-a9c7-de807c1ab17a,Miss,German,Schmeler,"93 Roberts Road",burgh,Tandag,Washington,"Norfolk Island",360-858-812,395-312-168,"Renner Ltd",http://lowe.biz/pariatur-dolor-distinctio-ratione-aperiam-et-est-ut.html,"Licensed Practical Nurse",LightSlateGray,2015-11-22,wilderman.marietta@hotmail.com,~y^}dlZfz38GzHK
788fa33d-450c-3e35-aa93-349ee21681c8,Ms.,Theodore,Harvey,"62/14 Friesen Fords Suite 267",berg,"San Carlos",Montana,Uruguay,393-927-912,786-411-490,"Mayert, Turner and Wilderman",http://stehr.org/possimus-distinctio-eius-voluptatem-corrupti-asperiores-maxime-omnis-omnis,"Coating Machine Operator",Blue,1984-10-04,curtis.heller@king.biz,!PPu6wrdsm*
21e52094-9d81-36b9-bd20-28a45b6d549a,Dr.,Marilyne,Towne,"71/66 Steuber Islands Apt. 161",berg,"San Jose",Illinois,Tunisia,756-205-461,822-444-007,"Stoltenberg Ltd",http://roob.com/,Hydrologist,SandyBrown,1984-05-15,nathen24@rolfson.info,}hAD(*8)88){VqZ9
fe1cba89-f167-35f7-ad67-ea4c09f671f0,Dr.,Gayle,Wolff,"22A Beatty Ports",borough,Cabadbaran,Kentucky,Reunion,935-679-938,514-363-087,Jaskolski-Mosciski,https://schuster.com/aliquam-et-in-incidunt-velit-quisquam-fugiat-placeat.html,"Precision Instrument Repairer",MediumAquaMarine,1970-11-21,horacio.wyman@hotmail.com,"w>{7vi%)~AfJw*,2"
f00ae407-332a-37ed-b031-342b6b349f2e,Mr.,Else,Howell,"89A/24 Vandervort Dam",ville,Palayan,"New Mexico","Northern Mariana Islands",290-733-375,065-131-065,Weber-Wehner,https://welch.info/rerum-eaque-impedit-necessitatibus.html,"Communications Equipment Operator",Bisque,2000-02-05,dubuque.raegan@gmail.com,0=e#9(+Q
0724f2e8-9c35-3b4f-ad1b-d45663151fce,Ms.,Marc,Crist,"25A/36 Dooley Light Apt. 293",berg,Dagupan,Wisconsin,Ghana,561-511-655,907-635-406,"Mueller, Balistreri and Hermann",http://www.dibbert.com/,"Survey Researcher",Plum,1985-08-18,magdalen.kilback@hotmail.com,4_h}$A!ue`=nZ&{z
11a986e7-3acf-38d2-ad47-60fa4b8c4739,Dr.,Josefina,Homenick,"58A/28 Ledner Courts",ton,Dagupan,Hawaii,Afghanistan,272-948-502,453-296-931,"Bauch, Mante and Auer",http://luettgen.com/eos-accusamus-sed-in-officiis,"Postal Service Mail Carrier",Teal,2011-06-14,noemy.rau@abshire.biz,[[3P4D>
5a3f3411-18c2-3fc1-a038-578324979204,Prof.,Charlie,Dare,"70A/92 Legros View",chester,"Trece Martires",Michigan,"United States Minor Outlying Islands",271-435-344,915-735-290,Considine-Will,http://weimann.com/tempore-aliquam-molestias-sint-autem-tempora,"Education Administrator",LightSalmon,2013-03-11,runolfsdottir.lily@bauch.com,;e3k0T
9faf1575-8079-3f8a-8863-c19305bb87b9,Prof.,Abagail,Greenfelder,"74A Rohan Field",mouth,Tagum,Connecticut,Latvia,578-330-971,112-357-126,Schmidt-Mraz,http://runolfsdottir.net/rerum-corrupti-quos-beatae-quas-et-aut-in,"Sewing Machine Operator",LightGreen,2018-11-21,kirstin80@gmail.com,"w\(K^)TXd}""4GxU%h4V|"
046bc271-5a54-312a-81e4-2dc766f6e711,Dr.,Jewell,Pagac,"04A/26 Quigley Mill Suite 942",burgh,Bacoor,Mississippi,"Brunei Darussalam",314-676-137,198-308-649,"Lemke Inc",http://deckow.com/ipsum-sunt-ad-velit-consequatur-numquam-rerum-quasi-quia,"Home Health Aide",LightSkyBlue,1993-08-28,kemmer.alden@hotmail.com,?EMxx;%WA]0b5J
63d459a1-c209-3e04-8961-21dc017147fc,Mrs.,Florida,Abshire,"90A Rempel Club",chester,Candon,"Rhode Island","South Georgia and the South Sandwich Islands",321-701-534,508-804-947,"Bruen, Fay and Ward",http://www.altenwerth.com/illum-omnis-qui-dolorem.html,"Insurance Sales Agent",YellowGreen,1984-06-29,ichamplin@yahoo.com,i/WS6Yw
7b57aede-d319-3950-948e-de760bfe0e27,Mr.,Isac,Fadel,"05A Langosh Coves",port,Malaybalay,Virginia,Montserrat,211-790-496,984-110-480,"Osinski Inc",http://turcotte.com/,"Heavy Equipment Mechanic",DarkBlue,1996-11-15,aiden61@lemke.com,!t%vozkX{N0|=fSf
b6989678-67ff-3933-b62c-f09df6ec3f92,Prof.,Melissa,Howell,"37A/88 Glover Street Suite 295",haven,Cabadbaran,Illinois,"Syrian Arab Republic",424-885-677,139-223-010,"Hettinger, Ziemann and Conn",http://www.ernser.com/quis-ut-et-expedita-quisquam-impedit-adipisci-dolorum-aut,"Alteration Tailor",Aquamarine,2007-12-19,fmann@yahoo.com,4kSfLtT|ZJ.~uv%
cea6ad65-4275-3fef-82e4-f8d61ab4f7c6,Miss,Gracie,Ward,"77/62 Senger Meadow",ton,Urdaneta,Nebraska,Mozambique,379-915-840,592-591-607,"Corwin Inc",http://dare.org/cum-et-deserunt-cum-distinctio-ea-ab-aperiam,"Shoe and Leather Repairer",LightGreen,2021-01-30,alayna92@gmail.com,"""7R.""WD+"
d0b27cdc-634d-33c8-89a6-769131b9443f,Miss,Ebony,Glover,"83A/51 Dare Creek",view,Dumaguete,"West Virginia",Micronesia,119-977-670,859-606-151,"Von Group",http://wolf.com/consequatur-earum-sit-qui-nihil-illo-tempore-dolor,"Credit Analyst",LavenderBlush,2012-06-23,thompson.guillermo@trantow.com,"'V`B\9"
4806a27c-e43b-3faf-b6ed-b58a62498f10,Prof.,Rebekah,Krajcik,"72 Jast Branch",stad,Bago,Tennessee,Sweden,148-424-710,114-667-558,Gutkowski-Kuphal,http://smith.com/,Electrician,PaleGoldenRod,2014-12-22,elliot.dietrich@hotmail.com,OCz[HA9Hs3?mEXpQ
a83f29d6-4026-3db5-82ba-13c776610008,Prof.,Aurelie,Sipes,"82A Cruickshank Inlet Apt. 132",fort,Balanga,Oklahoma,Panama,067-008-382,310-512-769,"Paucek, Heathcote and Howell",https://www.torp.biz/tempora-eos-eaque-sed-dolor,"Electronics Engineering Technician",DarkCyan,2024-01-05,valtenwerth@connelly.com,"Tr+i-$]n$|;JcLe,""8B%"
fad04db1-d07c-3048-800e-82023e351030,Dr.,Lucinda,Von,"14A/43 Funk Glens Suite 883",shire,Ozamiz,Mississippi,Lithuania,996-683-651,840-631-451,"McKenzie PLC",https://daniel.com/esse-pariatur-maxime-ut-earum-blanditiis-accusantium-sint.html,"Ticket Agent",BurlyWood,1972-10-03,plynch@gmail.com,C8pH.*(J
751f786b-8e10-3267-9b4b-34ab73865dc3,Ms.,Betty,Simonis,"28A Haag Heights",furt,Carcar,Indiana,Barbados,877-501-843,610-249-316,"Weissnat, Monahan and Buckridge",http://lockman.com/,"Dragline Operator",Lavender,1978-01-05,satterfield.dolores@gmail.com,{bQNAXW%kB=T@n?IlYUh
d8c7853f-e0c8-3fb2-b6c9-be9775994e1c,Mr.,Vivienne,Parker,"61A Reilly Track",burgh,"San Pedro",Virginia,Australia,906-251-114,381-533-682,"Hintz PLC",https://wilderman.net/aut-non-inventore-voluptatem-consequuntur.html,"Education Teacher",DarkKhaki,2007-02-11,dayana.skiles@gmail.com,DE]5fd3
6c75eb5e-1ba1-3539-8a5f-f7fd1e4fa547,Ms.,Delphine,Becker,"79A Windler Divide",shire,"Trece Martires",Maryland,Venezuela,015-286-116,701-407-744,"Breitenberg, Leuschke and Gerhold",http://klein.biz/veritatis-quae-quo-atque-et,Clergy,DeepPink,2021-02-27,tmoen@gerhold.info,}jrGEQ)((hS[
ab54155f-e624-358b-878b-681043e40cbb,Prof.,Everardo,Torphy,"83 McDermott Ford",fort,Dagupan,Michigan,Botswana,189-489-778,293-508-527,"Hilpert, Miller and Doyle",http://gusikowski.com/officia-excepturi-et-at-voluptatem-mollitia-ratione.html,"Eligibility Interviewer",MistyRose,2018-07-19,senger.vinnie@yahoo.com,2lekG$PVhL$9D6Us=OqW
f5875e88-8fb1-3091-b9ce-ded99117ff12,Ms.,Albin,Swaniawski,"86/29 Lockman Streets Suite 533",haven,"San Pablo","Rhode Island","Turks and Caicos Islands",449-099-019,991-153-624,"Buckridge, Grimes and Wilkinson",https://www.kautzer.net/autem-quidem-pariatur-omnis-eum-quaerat-illo,CEO,LightSkyBlue,1975-07-11,asa35@hotmail.com,1!haRN.g|2c:B:>
52a24f25-9e2f-321d-a4f2-4e554d1cb17b,Dr.,Daphney,Mann,"23/90 Wuckert Isle Suite 102",land,Taguig,Iowa,"Sao Tome and Principe",138-414-574,565-169-086,Mayer-Upton,http://www.kunde.info/,"Personal Service Worker",Wheat,1970-11-20,abraham.wunsch@halvorson.com,"YZzU\?ue1svb"
aa09d9ab-de7e-3b73-90db-bf74071eb77c,Dr.,Damien,Ferry,"83A Rippin Mountain",bury,"Tarlac City","District of Columbia","Antigua and Barbuda",143-335-923,406-854-533,"Fadel, Weimann and Hyatt",http://www.hodkiewicz.com/earum-animi-at-nulla-ut,"Management Analyst",OldLace,2001-03-22,green.winifred@crist.com,P%*jAJtfDVgk$!QNrR|;
22162a25-2487-3d32-b171-40843c34d35f,Prof.,Sierra,Wiza,"52 Bruen Summit",stad,"San Fernando","South Dakota",Guinea,319-895-611,615-520-619,"Bernier, Volkman and Crist",http://www.harris.com/nihil-eos-nihil-perferendis-sequi-inventore-rerum-quis,"Automotive Glass Installers",GreenYellow,1994-07-23,kiara57@hotmail.com,QU^egwv>N+r3j&Hv6B
5f574f5b-6817-3140-aa99-6a2e248d371c,Mr.,Noemi,Morissette,"23A Stokes Square Suite 935",mouth,Baybay,Virginia,Eritrea,427-086-422,628-929-978,Walker-Dickinson,http://www.pfannerstill.com/ratione-est-itaque-dolorum.html,"Well and Core Drill Operator",Silver,1986-02-05,brooks88@kuphal.com,O12Mqd&.^
8c9d11a3-9d68-3a25-a9c4-b5d04143268b,Dr.,Maude,Dicki,"37/28 Lang Ferry",stad,"Surigao City",Massachusetts,"Northern Mariana Islands",533-274-466,476-123-604,"Cassin, Gutmann and Hill",http://www.klocko.com/voluptatem-est-velit-architecto-saepe-est,"Substance Abuse Counselor",Azure,1979-01-11,howard.dietrich@hotmail.com,"*7qeieW`,YvNO""^h|/"
edda4b27-754b-3ebc-b625-85fa73f63122,Prof.,Anibal,Homenick,"43A Rohan Views",ton,"San Fernando",Iowa,Rwanda,318-109-251,436-651-437,"Conn, Stanton and Collins",http://toy.com/,Pipelayer,PeachPuff,2018-11-07,quinten46@bailey.org,NEp=Cp`Ww
38024772-fcbe-38d8-9af6-d61d310ffe45,Dr.,Giovani,Gislason,"78/21 Eichmann Fork",furt,Roxas,"North Carolina",Tuvalu,355-904-068,464-696-318,"Nader Ltd",http://denesik.info/et-assumenda-doloremque-voluptatem-cupiditate-quo-omnis.html,"Tool Sharpener",Gainsboro,1987-04-15,kraig.carter@ward.org,gH5-w_P(]P@C[eB
436ac703-b5c5-38c7-9e9a-5a01a2eee4b9,Dr.,Bonita,Stanton,"37A/71 Reichel Heights Suite 268",town,Bogo,California,Japan,586-820-563,806-035-410,"Weimann, Weissnat and Bradtke",https://gislason.info/modi-modi-tempora-qui-debitis.html,Psychologist,GoldenRod,2002-08-01,stewart.parisian@hotmail.com,"da\^MyvZ'?"
eee53a90-d5c9-3ee5-bd88-45e50c29befb,Mr.,Chet,Swift,"41A Raynor Summit",chester,Kabankalan,"District of Columbia","Isle of Man",125-421-641,201-017-078,Pollich-Nader,http://damore.org/ratione-omnis-aut-sed-sint,"Product Safety Engineer",ForestGreen,2024-09-06,dale.schuster@cummings.com,"X@wfWqx,Eta-UIo?{z"
0771ba44-42d0-377a-b212-6d9d13ab2439,Ms.,Furman,Schimmel,"63A Herman Shoals",ton,"Tarlac City",Hawaii,Haiti,547-554-482,443-765-144,"Schaden Ltd",https://hahn.biz/aut-mollitia-quidem-et-quaerat.html,"Dragline Operator",DimGrey,2007-04-22,darlene.ohara@oconnell.com,kg7|4#oRtB'goiee?P
3ca701d7-9593-33f2-8b8a-577caf62d8fc,Prof.,Keith,Hoppe,"23A Fritsch Squares",berg,Baguio,Nevada,Mongolia,808-125-530,877-857-532,Herman-Hauck,http://www.rodriguez.org/voluptatem-soluta-totam-ipsa-odio,"Stone Cutter",LightSeaGreen,2004-05-24,eric96@hotmail.com,">\p""}[4-?K9d%8"
efa63be5-3e21-38e7-aa77-cb88990680c4,Dr.,Luciano,O'Hara,"27A/05 Ritchie Springs Apt. 652",borough,Mandaluyong,Illinois,Rwanda,958-287-665,655-575-138,"Jacobson, Paucek and Gleason",http://feest.biz/,"Supervisor Correctional Officer",LightPink,2006-01-06,andres38@padberg.net,"/@g(mulV+zD2]""b"
54962cba-85be-30ca-a4d8-90833bccdc51,Prof.,Hermina,Kuphal,"69/18 Rau Way Suite 384",view,Maasin,Arizona,Nigeria,263-645-448,180-703-759,Nader-Carroll,http://skiles.org/,"Chemical Plant Operator",AliceBlue,1970-01-21,gudrun.davis@hills.info,>Gz'I&hRT
603ce18d-ff62-31df-a23e-485533a2ef59,Mr.,America,Lang,"31 Leffler Prairie Suite 220",burgh,Tagum,Kentucky,"Antarctica (the territory South of 60 deg S)",964-449-447,023-997-499,"Franecki and Sons",http://www.kassulke.com/voluptatem-debitis-aut-velit-ad-ad-et-odit.html,"Fish Game Warden",DarkSlateGray,2019-04-05,davonte.deckow@schamberger.com,$fBd1U2su`O#AG4O*I
e6d9340c-ccdb-35d2-b998-37d8268ac37b,Prof.,Lukas,Cartwright,"43A/86 Hickle Fall",port,"El Salvador",Maine,Angola,314-109-543,674-372-189,"Dickinson PLC",http://www.gorczany.com/dolore-exercitationem-velit-ea-dolores-quas-ipsam,Sheriff,BlueViolet,1971-07-14,gbradtke@schumm.info,$Pw:3QOjiSX0].&s/r>
db74bcce-7d2e-354c-851d-01772b3eb929,Miss,Nayeli,Smith,"54/72 Upton Estate Apt. 035",shire,"San Jose del Monte",California,Kuwait,493-549-094,509-186-604,"Pacocha, Boehm and Lehner",http://gibson.com/dicta-ut-eum-hic-et-ipsa,Electrotyper,Crimson,2010-12-02,margret17@hotmail.com,"@,6iM9R\>43U38Tb"
acf5ea90-51a5-30c8-8994-febdc6b15124,Prof.,Adelia,Boyle,"52A Murphy Ford",berg,Malaybalay,Colorado,Swaziland,648-876-872,901-165-578,"Nikolaus and Sons",http://www.spencer.org/vel-error-laboriosam-tenetur-voluptas-ut-facilis.html,CEO,DodgerBlue,2011-08-12,fritsch.syble@hotmail.com,VhP~ld8VLB:S:8
dc0b27b9-1502-3854-9d0a-cfaf046902eb,Prof.,Hilton,Rosenbaum,"21 Dare Knoll",town,Victorias,Florida,Mali,769-151-825,313-644-982,"Batz, Pagac and Wyman",http://schroeder.org/doloremque-a-sint-qui-quos,"Transportation Equipment Painters",MediumOrchid,2011-11-20,daryl.gulgowski@gmail.com,"4i#Q3|jk;?G""nTNQZ"
704e7942-b0a9-3f5d-9512-d585d77b528a,Miss,Susie,Strosin,"30/34 Kuphal Trail Suite 470",side,Tangub,Washington,"Antarctica (the territory South of 60 deg S)",242-764-832,897-647-715,"Ziemann Ltd",http://www.upton.com/qui-praesentium-quo-voluptatibus-quia-dolorum.html,"Administrative Services Manager",Magenta,1974-01-28,botsford.imogene@gmail.com,S4tMZ7XcqU.|Tm]{XU
a3fcbee3-5c63-3910-a303-c27559f885d7,Dr.,Cleta,Turcotte,"02A Goldner Loop",port,Gingoog,Alaska,Montenegro,456-434-626,471-265-049,"Emmerich, Harvey and Kertzmann",http://schuster.org/,"Health Services Manager",LightSlateGray,1991-08-02,eulalia65@gmail.com,$*^ojE+EUZvX[
b24f0b47-bc88-3dde-a1d1-4ce96b9b587e,Mr.,Dino,Rodriguez,"96 Moen Shoals Apt. 567",shire,"Cavite City","New Jersey",Guyana,496-193-181,228-511-381,"Herzog Group",http://www.lubowitz.com/culpa-eos-inventore-eos-quod-accusantium-explicabo-harum,"Business Manager",Coral,1982-08-17,hand.seth@dietrich.biz,4A5hN4NZls
610d72e1-a318-3d45-92b1-fd946bcb4d81,Prof.,Calista,Mitchell,"42A Haag Garden",town,"El Salvador",Michigan,"Sierra Leone",167-476-593,988-562-142,Leannon-Hermann,http://ratke.com/distinctio-sint-incidunt-doloribus-magni-omnis-excepturi-aperiam-qui.html,"Valve Repairer OR Regulator Repairer",LawnGreen,2002-02-08,nyasia.ledner@tromp.com,G!?j*uyl.rnn|i
2c832aa3-3687-3a0c-bea0-168bac0acf9f,Dr.,Richard,O'Kon,"70A/02 Green Track",mouth,Talisay,Washington,"British Indian Ocean Territory (Chagos Archipelago)",333-127-128,595-386-935,"Walker PLC",http://www.ortiz.org/inventore-necessitatibus-ut-modi-eum-fugiat-placeat,"Radiologic Technologist and Technician",DarkCyan,1989-05-03,towne.kacey@yahoo.com,}]j?]+|n6
2d82f009-2e51-3cd5-bb52-25b0bdcf8406,Mrs.,Blair,Thompson,"20/61 Mosciski Land",stad,Bislig,"New Hampshire",Monaco,265-246-219,326-948-311,"Kautzer, Gerhold and Larkin",https://www.barton.net/omnis-itaque-placeat-corporis-voluptas-sint-qui-officia,"Licensing Examiner and Inspector",GhostWhite,2003-07-29,krunolfsdottir@runolfsson.com,aYCR=c1^9
648ccd13-d7c2-3383-830c-f5f7ecf6688e,Mrs.,Consuelo,Weimann,"61A/62 Batz Radial",borough,Manila,Ohio,Poland,666-258-304,955-000-681,"Donnelly, Gutmann and Dach",https://herzog.org/quis-enim-ut-qui-natus-enim.html,"HVAC Mechanic",Blue,1995-11-26,powlowski.roderick@casper.com,j~vkQ<Hy$r*-00jJ>
0d22346d-ed9e-39bc-86bf-cb64b18efb3c,Mrs.,Bessie,Renner,"65 Graham Rapids",town,Malaybalay,Hawaii,"Solomon Islands",797-164-621,879-724-457,"Becker, Schultz and Rath",http://johnson.com/consectetur-autem-nobis-culpa-amet-cum-qui-tempore,"Soil Scientist OR Plant Scientist",DarkOliveGreen,2000-04-05,naufderhar@yahoo.com,"}=+OHIj-?,j"
8f024c11-fe36-3652-9c60-3fc291aaa8d6,Prof.,Emanuel,Yundt,"13A Dibbert Road Suite 243",chester,Bayugan,"South Dakota",Tuvalu,346-237-667,404-933-148,"Goyette, Mills and Hoeger",http://kshlerin.biz/itaque-quod-vitae-consequatur-optio,Solderer,Plum,2015-11-09,chahn@nitzsche.biz,~Ma/:Q*$|$
823efe3b-990a-389f-8872-c952d6fbf02b,Miss,Deja,Jenkins,"42A Kiehn Junctions Suite 597",mouth,Muñoz,Oklahoma,"Wallis and Futuna",571-645-804,771-490-212,Legros-Brakus,http://krajcik.com/quo-odit-necessitatibus-iure-cumque-et-et-in-tenetur.html,"Rental Clerk",MediumAquaMarine,2004-07-10,khilpert@lebsack.com,&u[.k4KG2g*J
075917fd-60b3-35ac-9777-279ba631e748,Miss,Melany,Willms,"83/42 Watsica Garden Suite 591",side,Lamitan,Massachusetts,Austria,520-357-404,254-560-766,"Torphy, Shanahan and Schumm",http://www.blanda.com/,"Short Order Cook",SteelBlue,1977-04-10,earlene38@kshlerin.com,]J}US7w-+.ak
9552dd4d-7ab4-3ec7-9715-9cff28e597b0,Dr.,Isaiah,Ullrich,"82/74 Mante Spring",town,Tacloban,"New York",Maldives,196-345-899,797-944-935,Farrell-Sanford,https://www.ullrich.com/necessitatibus-illum-voluptatem-et-deleniti-reprehenderit-labore,"Court Clerk",DarkSalmon,1992-01-06,frances.feil@yahoo.com,C<R:kXk=heo%Z7-Lep
1f0e8853-6117-3b38-a204-119a0042a9f5,Prof.,Bethany,Mayer,"67A Robel Brooks Suite 852",mouth,Malolos,Mississippi,Bahrain,232-821-382,155-035-228,"Koelpin Group",http://kohler.info/,Interviewer,SeaShell,1997-10-23,llittel@parisian.com,X$@]u.K~v;8X=Yut}HH
bd5d9d3c-5a43-3eb0-88a6-9c925ee258e2,Prof.,Bernadette,Auer,"54A Mitchell Cape Apt. 800",ton,Calbayog,Vermont,Ireland,033-167-898,885-790-573,Crooks-Lebsack,http://berge.com/,"Packaging Machine Operator",AliceBlue,1992-01-22,cristopher.feeney@ferry.com,25y'wf'J}YTN%d9
e64f27b8-0949-3a99-97fe-cc2e6f184f11,Dr.,Valerie,Emard,"96A/34 Weber Green",mouth,Cabanatuan,Connecticut,Cuba,576-901-502,100-585-839,Adams-Terry,http://jacobi.com/,"Adjustment Clerk",YellowGreen,1988-05-13,carolyne47@hotmail.com,v5$<hc+QejgHIK8pLZi
60232b3a-f937-3799-b284-edd223d8534b,Mr.,Daren,Schmitt,"80/42 Kuphal Islands Suite 066",view,Angeles,California,Armenia,825-393-678,346-084-634,"Treutel Inc",http://abernathy.com/ut-soluta-voluptas-rem-dicta-esse-ducimus-et.html,"Earth Driller",Silver,1971-02-12,buckridge.coralie@hotmail.com,Hu/~xd2.Qi~G
0376f47a-305a-3613-a838-9e98665dffb6,Prof.,Isaias,Kutch,"68A/92 Kub Trace Suite 561",ton,Biñan,Nevada,Austria,690-775-852,283-233-711,Leannon-Walker,https://mertz.com/nemo-repellat-rerum-nemo-perspiciatis-eius-ut-et-expedita.html,"Paper Goods Machine Operator",OliveDrab,1977-06-14,zemlak.nestor@howell.com,"ye]@-I*Z\uP"
03daa4d8-0940-3034-93b5-ad73494fa1e6,Prof.,Thaddeus,Keebler,"44A Pfannerstill Walk",haven,Bacolod,Georgia,Togo,477-522-658,214-533-066,"Von, Fisher and O'Conner",http://www.considine.info/non-suscipit-quis-esse-ipsa-itaque-quo.html,"PR Manager",SandyBrown,1992-01-06,tamia52@mertz.com,'Bgqjm
583361c9-b9ed-3ca4-99d0-0bb021c4531d,Mrs.,Ulises,Klocko,"43/10 VonRueden Spur",shire,Carcar,Tennessee,"Burkina Faso",078-601-329,670-623-994,Zieme-Powlowski,http://koepp.com/,"Restaurant Cook",MintCream,2004-12-24,von.tavares@ruecker.com,"js+w_|Q"""
0881b1c0-76fa-3aa9-80cd-1bf9819d1d2b,Dr.,Evangeline,Lehner,"68/23 Brekke Ford Suite 145",view,Calapan,Pennsylvania,"Central African Republic",489-163-637,291-784-858,"Beahan, Fadel and Schoen",http://fritsch.com/,"Staff Psychologist",Beige,1982-12-25,loren31@gmail.com,S5iut.G&<
72a1212b-e86a-3963-b1b4-d1d1c7417400,Ms.,Robb,Watsica,"70/41 Bogan Crossroad Apt. 385",shire,Canlaon,"Rhode Island",Nicaragua,535-420-844,832-731-907,"Quitzon, Blick and Jerde",http://www.crooks.info/atque-numquam-qui-voluptatem-cumque-sit,"Grounds Maintenance Worker",SandyBrown,1991-01-16,delphine37@gottlieb.org,"O@QVA1*)w\"
260846ca-e868-30dd-8a8d-2ce82338f1dc,Prof.,Jana,Buckridge,"18A/81 Crona Pass",mouth,Iligan,Alaska,"El Salvador",773-851-870,864-471-995,"Gerlach, Hand and Hyatt",http://schroeder.org/reprehenderit-aut-quasi-nulla-ut-enim-sed-temporibus-quis,"Pastry Chef",LightSteelBlue,2001-08-19,robbie12@barrows.net,KB__Gd[vX*o)'c=B*
55113e55-69d3-39cf-8cac-134aa6361c56,Prof.,Lamont,Marquardt,"14/50 O'Conner Extension",borough,Cabadbaran,Arkansas,"El Salvador",608-572-020,877-845-969,Walsh-Kerluke,http://www.tremblay.net/nam-tempore-quia-deserunt-asperiores-quod-voluptatem-aut.html,Computer,Orange,2001-12-31,neal19@halvorson.biz,N8LiJ|1_
ded7b5f4-5e17-319e-9c09-fd1c0f891104,Miss,Lyla,Shanahan,"33/43 Dickens Glen",mouth,Sipalay,Michigan,Kiribati,905-981-299,798-814-801,"Brekke, Carroll and Bruen",https://howell.com/quos-molestias-molestiae-ipsam-in.html,"Railroad Inspector",LightSalmon,1995-03-15,ardith74@strosin.org,%zPOah@>lt4z!Mdx}
3fcdcf1b-069c-3dfb-bcf6-0bdbcc60eb34,Prof.,Reece,Nikolaus,"94/70 Stokes Lock Apt. 617",haven,Tagum,"West Virginia",Chile,520-538-854,726-567-030,Emard-Terry,http://weimann.com/atque-ipsa-ad-fugit-autem-ratione-autem-enim-ut.html,"Vice President Of Marketing",DarkSeaGreen,1995-05-17,xbartoletti@legros.com,"A1Hpm.lhtcB!~g>5"""
1eabbaeb-3759-39de-945a-e625f5a76279,Dr.,Luna,Kreiger,"10/85 Watsica Vista Suite 753",furt,Lamitan,Iowa,Kiribati,382-767-151,434-612-216,"Pfannerstill Group",http://www.becker.com/,"History Teacher",DodgerBlue,2023-01-11,edgardo37@gmail.com,"Hk8W[]bg""R=SQ}?M"
f0cf89a4-9d39-3936-90f1-8621c936e1db,Ms.,Mariano,Mosciski,"91 Bins Course",port,Sagay,Wisconsin,Uzbekistan,095-650-812,001-486-936,"Windler Inc",http://www.abernathy.org/corrupti-voluptatem-quo-odio-provident-aut.html,"Fish Hatchery Manager",Gold,1971-10-14,yundt.hudson@nienow.com,"J!d\.x"
05372957-fbf5-3d60-bc63-d8ad91689b6c,Dr.,Odessa,Haley,"40A McDermott Groves Apt. 560",view,Cabadbaran,Wyoming,"Dominican Republic",914-405-158,226-566-116,"Kuhlman, Funk and Heller",http://www.brown.org/delectus-rerum-suscipit-atque-quisquam,"Waste Treatment Plant Operator",Brown,1976-10-20,della.lowe@reichert.com,6(/qjx{
b05c10f9-8336-35cd-9887-008295a999db,Mrs.,Elwin,Hoppe,"38/91 Flatley Ridges Apt. 224",mouth,Talisay,Virginia,"San Marino",467-494-258,479-071-270,"Braun Group",http://www.jacobson.net/optio-quod-reiciendis-in-impedit-ut-sed,"Special Force",Snow,1984-11-01,cnitzsche@oreilly.com,z17AdYg.Mf/EBud}x{}
13b2a3d0-2c10-3a07-9402-3a98218afabd,Mr.,Aliya,Zieme,"59A/62 Ryan Skyway Apt. 200",mouth,Cabanatuan,Illinois,Bermuda,461-669-025,845-152-148,"Murazik, Wuckert and Dach",http://www.hermann.info/necessitatibus-est-occaecati-quia-consequatur-rerum-id.html,"Underground Mining",Orange,2023-12-11,shayne27@schoen.net,"W3e&.[:_~""EfC"
7d3807fd-83ab-3483-a193-171c7bbfbcf1,Mrs.,Tyshawn,Smith,"39 Lehner Via Suite 871",side,Calamba,Hawaii,"Antigua and Barbuda",658-191-485,743-205-137,Cruickshank-McGlynn,http://www.stroman.net/velit-voluptatem-illo-dolorem-perferendis-eos-suscipit-sint,"Athletes and Sports Competitor",WhiteSmoke,2024-06-12,gordon.adams@hotmail.com,Mpnqg-*L=E
af8eb55c-6e1c-39ec-a18d-af38ff67b949,Prof.,Molly,Zboncak,"61 Orn Forge",borough,Tabuk,Arizona,Samoa,279-779-034,757-164-492,"Turcotte Inc",http://mertz.com/architecto-amet-non-est-quia-adipisci-blanditiis,"Director Of Marketing",Thistle,1973-06-17,wanda.bartoletti@hotmail.com,)LqlTA}Rm>j%+eisl^
07934489-d2a9-354e-8434-fc085ce1ffe7,Prof.,Nash,Mills,"15A Lang Summit",bury,Dagupan,Indiana,Belarus,630-159-149,535-322-259,"Kreiger, Johnson and Bartell",http://tillman.org/,"Operations Research Analyst",LightSkyBlue,1974-05-26,richard.cummerata@schiller.com,7ckRIu[:VJ
311e68ba-0c43-350e-9bb5-189c84953a8b,Mr.,Ruben,Weissnat,"72 Pouros Port Suite 018",burgh,Gapan,Wisconsin,Greenland,943-998-671,798-820-664,Crona-Grimes,http://stracke.com/odio-repudiandae-rem-illum-cupiditate,"Sheet Metal Worker",DarkOliveGreen,1979-04-29,glover.clovis@gmail.com,"WyF\ktFL#ZdmztJK"
6a656014-d009-3544-bec9-854ec6a362fd,Mr.,Demetrius,Feest,"62A Waelchi Flat",shire,Tagum,Nevada,"British Indian Ocean Territory (Chagos Archipelago)",145-101-458,970-821-332,"Wyman Group",http://hansen.org/officiis-quis-quisquam-hic-eos-aut-dicta-et-id,Electrician,Darkorange,1996-04-16,eric.hartmann@stracke.com,"j-A)(Ya\RUc"
6b35e3d7-7543-3c70-96c2-fa7fc2c09903,Dr.,Shirley,Moen,"12/76 Ortiz Road Suite 924",shire,Maasin,"New York",Mauritania,896-093-541,894-370-325,Breitenberg-Keeling,http://kreiger.com/,"Plastic Molding Machine Operator",MediumAquaMarine,2012-08-01,lbartell@hegmann.biz,DPqAgFwY.-G=iZ;}6
9b862b03-ad52-305d-a18c-434ee7f23dd9,Miss,Florence,Parker,"67A Watsica Road",view,Toledo,Vermont,Norway,997-687-376,330-437-710,"McCullough Ltd",http://www.kling.com/veritatis-aut-quaerat-qui-et.html,"Anthropology Teacher",DeepSkyBlue,1980-11-16,harber.roger@gmail.com,"_$pK+CN""P8A"
d6261a3e-c52d-395f-9e99-b0416ff90ba4,Mr.,Ally,McLaughlin,"43A/27 Bailey Canyon",ville,Passi,Connecticut,"Papua New Guinea",136-676-488,395-899-756,"Kunze, Corkery and Stamm",http://leannon.com/iusto-voluptatum-quis-quis-ipsum-dolores-et-illum,Council,LightSlateGray,1974-07-01,cronin.erich@hotmail.com,=(OMqrdq6Qwq
2690afb4-c3c5-3ef8-8425-dec4913902b6,Mr.,Molly,Williamson,"40A/40 Schneider Lakes Suite 320",borough,Marawi,Indiana,"South Georgia and the South Sandwich Islands",660-194-132,918-597-302,"Schaefer, King and McKenzie",http://www.abshire.com/nesciunt-officia-quod-ipsum-omnis-illo.html,"Medical Sales Representative",Turquoise,1986-09-13,graham.emmanuel@krajcik.net,Bu9nG:yg>0f
43165926-680e-3aad-9a91-da6ee7c47ea5,Mr.,Jane,McDermott,"75A/18 Cremin Pine Suite 695",chester,"La Carlota",Vermont,Seychelles,214-200-329,118-916-967,Osinski-Hessel,http://www.braun.info/veniam-nihil-et-repudiandae-ut-accusantium,"Supervisor Correctional Officer",LemonChiffon,2012-12-21,clement45@hotmail.com,[i4_&;q
933e2453-fe0f-31a7-bcb2-a031a9393a47,Mrs.,Antoinette,Wolff,"67 Lesch Views Suite 622",bury,"Zamboanga City","West Virginia",Suriname,286-277-776,307-702-048,"Nolan and Sons",http://beatty.info/nulla-occaecati-cum-fugit-sint,Inspector,LightSlateGray,2001-10-21,xmcclure@weimann.com,"&N4Epx).|P2,::An5t"
0b048eb3-a5b1-326c-81a6-fb42ee0d6929,Dr.,Lane,Ritchie,"65A Jones Wells Suite 783",ton,"San Fernando",Delaware,Ukraine,623-864-804,772-232-838,"Hahn, Gibson and Fahey",https://www.tremblay.com/vero-aut-vero-nihil-dolor-voluptatibus-perferendis,"Cardiovascular Technologist",PaleTurquoise,1988-12-07,huels.aryanna@nienow.com,"Kd[+\7RkNpV"
76ec995f-20b1-3cc5-9c5d-924c383715c0,Prof.,Brianne,Mills,"70/98 Bernhard Falls",haven,Lucena,Georgia,Jordan,315-984-950,630-306-040,"Green and Sons",http://www.huels.com/sunt-atque-omnis-ipsa-quasi-et.html,Stonemason,GoldenRod,2018-07-24,jovan.steuber@boyle.info,z~>r>n3%&]W`[|#$.~
2d885566-fd4d-39f2-903b-7b5bea966476,Miss,Erna,Ondricka,"11/72 Kautzer Land",ton,Taguig,Delaware,"Lao People's Democratic Republic",760-140-482,890-975-652,"Toy LLC",http://www.swaniawski.com/nulla-aut-dolores-a-velit-rerum-aut-reiciendis-porro,"Compliance Officers",PapayaWhip,1994-09-20,efahey@yahoo.com,"D5<F03I1yK`\}8')"
6885000f-9981-3dbf-8cd4-34467cfe2438,Mrs.,Darren,Kuhn,"60 Turner Wall",chester,Angeles,Mississippi,Ecuador,899-950-412,873-809-685,"Rosenbaum LLC",http://www.kirlin.com/reiciendis-eum-excepturi-nemo-est-ea,"Public Relations Specialist",Coral,2013-10-31,immanuel.hauck@luettgen.com,v|hQ0sDmV8
82beb5f8-6fd3-3c10-b268-3935d3444fce,Miss,Kelvin,Swift,"41/48 Daniel Mountains",borough,Bais,Michigan,"Sri Lanka",664-990-758,457-379-519,"Berge, Dooley and Rogahn",http://www.rogahn.org/iusto-fugit-voluptatum-exercitationem-ut,"Fishery Worker",Orange,2021-05-15,tillman.edward@hermann.com,0N'PG&lf(M?!cv
ff5bde44-d76d-3a22-b97a-466f433823d3,Prof.,Taurean,Ankunding,"89/93 Hayes Lane Suite 805",chester,Ormoc,Kentucky,Armenia,445-118-912,490-041-595,"Herzog PLC",http://schmidt.com/commodi-suscipit-mollitia-quam-quia-aut-totam-molestiae.html,"Technical Specialist",MediumSpringGreen,1980-09-01,angus.pagac@nolan.com,c!Wk'G^R#
cc2835d5-4a11-32f7-9654-e93243798211,Prof.,Margarete,Bartoletti,"54A Conn Cape",chester,Ilagan,"Rhode Island",Bahrain,980-732-571,818-502-644,"Ankunding, Donnelly and Hauck",http://www.oconner.com/culpa-itaque-saepe-temporibus-vel-quis-ab,"Airline Pilot OR Copilot OR Flight Engineer",OliveDrab,1970-06-07,jones.montana@hotmail.com,3*r0ELjDw?$SjyP$
37f158c8-17fb-3289-9bd0-c37d63a94486,Mr.,Malvina,Wunsch,"83A/81 Langosh Prairie Suite 516",ville,Pagadian,"New Mexico",Madagascar,828-263-668,027-550-346,"West PLC",http://www.mills.net/ad-alias-modi-dolorum-beatae-culpa-sed-et,Biophysicist,Darkorange,1972-02-08,demond.green@blick.net,7i3`vBW8:y&8A
1ca5a2ec-1dee-3193-8003-66731affefb4,Dr.,Barney,Lang,"49A Gerhold Orchard Apt. 667",view,Taguig,Nebraska,Reunion,915-253-459,150-994-849,"Cummings, Kautzer and Waters",http://www.romaguera.biz/eos-aut-in-veritatis-et-quia-aliquid-repellat,"Carpenter Assembler and Repairer",LightSteelBlue,1981-03-26,murazik.ernesto@yahoo.com,"""oKZ*j<pA<EjWJ*_S&G8"
2b63abd0-e67e-3714-add9-f040493cf12a,Dr.,Naomi,Schamberger,"95A/71 Harber Square Suite 562",port,Tabaco,Alaska,Israel,941-832-888,802-228-994,"Lebsack Ltd",http://goodwin.com/magnam-animi-eos-quia-eaque-debitis-provident,Stevedore,DarkSalmon,1991-08-28,rmccullough@jenkins.com,7'q`O#;R
7bff9f96-8b2d-3593-b61e-184520d4053f,Miss,Samanta,Gaylord,"95/62 Kreiger Views",shire,Catbalogan,Missouri,Ghana,058-682-501,311-722-309,"Kautzer, Donnelly and Mohr",http://aufderhar.biz/sint-labore-possimus-corrupti-fuga-earum-qui-quia.html,"Career Counselor",DarkTurquoise,2007-02-05,zbailey@gmail.com,qi?Wr|3Rq
50ff8a48-4a84-3d17-982c-3869be7d0fc1,Dr.,Jaylen,McDermott,"59A/22 Boehm Landing",borough,Baguio,Missouri,Vietnam,855-323-361,186-996-576,Berge-Hills,http://www.hoppe.biz/,"Spraying Machine Operator",Wheat,1993-02-28,jaufderhar@yahoo.com,"+<iQhAJeVOjDd6hc""8j"
e615b61b-b2e6-3473-a33c-5f853c8a9c3c,Prof.,Thea,Towne,"76A/62 Koch Glens",berg,Pasay,Colorado,"Antigua and Barbuda",631-390-186,261-309-985,Mohr-Johns,http://www.parker.com/sit-numquam-sed-ut-voluptas-quis-dolorem.html,"Housekeeping Supervisor",Orange,1972-08-06,dandre46@yahoo.com,`;m(xz$`;n]zLzlk@'u
99c969ac-23d6-3f09-b340-c0ee21907190,Dr.,Haleigh,Raynor,"53A/57 Purdy Villages Apt. 966",ton,Palayan,Mississippi,"Costa Rica",372-485-489,709-617-982,"Goldner, Dietrich and Cremin",http://johnson.com/maiores-sit-nulla-voluptates-et-unde-odit,Welder-Fitter,Tomato,1990-04-07,padberg.may@yahoo.com,R+:jG<aFK{
c876735d-0b9f-3796-bae2-93556364aeae,Prof.,Nyah,Bahringer,"80 Boyle Orchard",side,Cauayan,"New Hampshire",Indonesia,030-297-201,134-048-064,Schuster-Wiza,http://www.considine.net/nulla-nam-quas-magni-pariatur-maiores-rerum,"Painting Machine Operator",Magenta,1990-01-19,liam97@hotmail.com,73jGPLA&_
17d9d5c2-c52c-38fa-bba9-f5722c882700,Miss,Ross,Vandervort,"70/24 Sauer Heights Apt. 662",fort,Butuan,Ohio,"New Caledonia",176-842-305,864-048-917,"Dickinson, Mills and Wolff",http://bosco.com/,"Electrical Engineering Technician",SeaGreen,1998-08-19,bailey.boehm@metz.com,gufRO:9
e3f59253-c2e8-370d-8657-c63593bfe361,Mrs.,Sallie,Daugherty,"86/17 Marquardt Tunnel Suite 706",mouth,Tagaytay,"New York",Uzbekistan,327-035-164,062-652-320,"Crist and Sons",https://www.jerde.com/corrupti-et-et-voluptas-libero-aspernatur-reiciendis,"Movie Director oR Theatre Director",FireBrick,1972-08-11,oledner@parisian.org,&}b7Sl;Q]
9115ba52-6286-3ff5-83a6-88c1af74a57a,Prof.,Wilmer,Marvin,"51A Windler Springs",port,Carcar,"West Virginia",Belgium,045-248-111,283-883-947,Murray-Leffler,https://www.kilback.com/corrupti-ut-voluptatem-perferendis,"Signal Repairer OR Track Switch Repairer",YellowGreen,2008-04-08,golden.fadel@gerlach.com,"JqP:V1fa!AIxm8,[3Vfy"
cb960625-70e3-36fc-a8e7-de0475eb2616,Prof.,Hilda,Braun,"91A Grimes Inlet",shire,Muntinlupa,Kentucky,"Christmas Island",584-403-303,523-783-231,"Yundt Group",http://www.greenholt.com/aut-sit-unde-quaerat.html,"Audio and Video Equipment Technician",Salmon,1972-09-17,desmond89@kuvalis.org,Fv^C-!(sB?SiMV
dd04bb14-3bc7-3b1e-be72-815f79a72470,Miss,Aliya,Jenkins,"87A Mertz Park Apt. 871",land,Tacurong,"North Carolina","Bosnia and Herzegovina",459-841-781,480-422-209,Ernser-Littel,http://www.kling.info/est-sit-dolorem-qui-accusamus-voluptas.html,"Earth Driller",MediumOrchid,1990-12-16,aliyah74@price.com,"m`upa\&h"
8bd5e082-dc69-31b8-906e-be45d034b2dd,Ms.,Alysha,Hudson,"44/41 Marvin Parkway Suite 614",chester,"Quezon City","New Mexico",Cambodia,611-119-612,957-266-281,Hettinger-Gutmann,http://www.trantow.org/,Captain,White,1998-06-21,raul77@gmail.com,""",d;q&G%S"
4b140c3c-7be6-3ea4-a077-60abdcdec8ee,Dr.,Trever,Yundt,"31 King Spring Suite 131",ville,Bais,Delaware,"Cayman Islands",006-687-639,384-389-106,Brekke-Rodriguez,http://dietrich.biz/qui-officia-ratione-id-odit-non.html,"Director Religious Activities",PaleTurquoise,1997-12-27,vheathcote@gmail.com,3)(iLtR5a6
a8ca6674-6ae9-30e2-bd5d-5ad19c80a8ea,Miss,Gaylord,Hodkiewicz,"76A Smith Islands Apt. 362",ton,Balanga,Indiana,Bermuda,123-986-585,911-677-299,Muller-Terry,http://www.spinka.com/qui-dolor-sit-voluptatem-architecto-voluptatem-natus,"Computer-Controlled Machine Tool Operator",Green,1985-08-28,shana.miller@yahoo.com,_&9fY.*~
656d926f-1ffa-3de4-9f2e-0f98320f808a,Mr.,Irwin,Klocko,"32A Fritsch Lights Suite 419",ton,Dapitan,Wisconsin,Kuwait,719-891-740,710-835-437,"Gleichner, Marquardt and Jacobi",https://www.jacobs.com/deserunt-cumque-reprehenderit-nesciunt-totam-nam,Choreographer,Green,1996-09-14,tmaggio@yahoo.com,^Fb>&~c#<Db
7e476afb-24be-3879-845a-e8e44448fad1,Ms.,Audra,Kunde,"02A Pollich Way Apt. 542",burgh,Bayugan,Vermont,Morocco,196-007-203,122-830-832,Reinger-Collier,https://schaden.info/dolor-praesentium-ut-deleniti.html,"Recreation Worker",Chocolate,2002-10-05,alejandrin41@gmail.com,AlAT5iinEY@}FgT2b_S
20eb2551-cde9-3883-bc72-3d198fec64d3,Prof.,Ephraim,Murray,"48A Nicolas Island",view,Toledo,California,Cambodia,983-558-202,483-999-133,"O'Reilly, Harris and Renner",http://cremin.net/aperiam-et-expedita-eligendi-quae-molestiae-ex-est.html,"Tank Car",DarkRed,1999-06-25,marcelo75@ritchie.net,<G46hJwVpf%Wi7
9e3e8e5d-b87b-3b12-b2b9-170b34bed4bc,Prof.,Taylor,Parker,"26 Brakus Port",view,Silay,Ohio,Malaysia,159-461-407,837-242-821,"Torp Group",http://gerlach.com/,"Transportation Worker",Chocolate,2006-12-22,malachi.oreilly@padberg.net,&6K%A^8pX`7U8
c34afa86-6bc3-388a-b74e-1e3e2cec3209,Dr.,Emory,Kuhlman,"66A Hintz Summit",mouth,Himamaylan,Colorado,Uganda,450-014-677,056-863-463,Rogahn-Boyer,http://kessler.com/dolore-consequatur-esse-aut-architecto-quia.html,"Social Service Specialists",YellowGreen,1980-06-22,lmcglynn@gmail.com,3C4/Wc;RJ
775693b0-1d70-30e6-ada5-8c5d6efa6e4f,Prof.,Justen,Nader,"94 Hayes Causeway Suite 234",chester,Navotas,Iowa,Thailand,471-263-978,639-928-296,Wyman-Becker,https://www.bogan.com/enim-tempore-quis-rerum-ipsum,"Food Preparation",Aquamarine,2001-08-11,lewis.lind@hotmail.com,SQ~ldV?pqjhrWR0cZTm.
a818b355-6b44-352d-b5ee-c4bfad0914c7,Mr.,Mya,Dach,"91/45 Lebsack Junction",burgh,Samal,Kentucky,"Falkland Islands (Malvinas)",715-894-212,030-688-910,"Sporer PLC",http://www.terry.com/aliquam-rerum-quia-sunt-illum-suscipit-quasi.html,"Graphic Designer",DarkSeaGreen,2003-05-02,koss.viola@gmail.com,kt%vv<[6VV{E[7si
759f835f-8aa6-3660-9f59-cad0a1aeb484,Ms.,Jenifer,Koch,"41/27 Feest Parks Suite 174",burgh,Kidapawan,Arizona,"United Arab Emirates",514-622-058,625-799-966,"Grady and Sons",http://www.sipes.com/dolor-odio-nesciunt-quia,"Cleaners of Vehicles",MediumSlateBlue,2024-01-15,genesis.gerhold@stark.info,LoYnlz0Y
bf4d3b5c-ff75-3a0e-b60e-d4e0601209df,Mrs.,Anne,Nicolas,"59A/15 Hettinger Wall",town,Angeles,Florida,Niger,847-430-308,788-604-186,"Parker, Schumm and Swaniawski",https://wilkinson.org/nemo-nemo-voluptas-hic-dolore-ut-ea-est-aut.html,"Septic Tank Servicer",GhostWhite,1971-11-28,lew.robel@gmail.com,rWy/nj'D
e51f31ef-ea80-3b9b-aa1d-941188393931,Mr.,Veronica,Daugherty,"85/52 Hill Heights Apt. 814",port,Manila,Idaho,"Turks and Caicos Islands",254-234-724,720-873-553,"Spinka, Bayer and Kovacek",https://kutch.com/eos-harum-rerum-id-placeat-eaque-voluptas-eum-eaque.html,"Multiple Machine Tool Setter",Orange,1997-03-24,jose87@gmail.com,SiPG!hn+_
c367e486-c966-3386-a6b0-4f759b993903,Prof.,Jaida,Rodriguez,"14A/01 Rice Coves Apt. 784",burgh,"San Juan",Minnesota,Macedonia,641-494-525,351-222-295,"Rodriguez Group",http://www.kohler.com/occaecati-id-maxime-sit-facilis-aut.html,"Alteration Tailor",BlueViolet,1972-07-20,imogene85@gmail.com,"rz""lM("
0d47e169-9aa6-3ad2-a902-69b725c6ae14,Dr.,Theresia,Stamm,"27 Harris Corner",borough,Alaminos,Utah,"Cayman Islands",855-025-024,099-010-462,"Nitzsche Ltd",http://abshire.org/velit-officia-veritatis-error-et.html,"Massage Therapist",DarkViolet,1983-03-27,pacocha.breana@jenkins.info,qVLLdsI
1d5c47e7-b7e7-3e67-94c4-1d4a83e0713b,Prof.,Cayla,Daniel,"89/73 Heaney Ferry Apt. 030",ton,Dapitan,Texas,Switzerland,644-262-361,563-665-346,"Abernathy LLC",http://pfannerstill.com/beatae-esse-aspernatur-voluptatem-et-commodi.html,"Legal Support Worker",HoneyDew,2011-08-06,bennett34@yahoo.com,r2u[XN'Ps
9852db45-dd03-303a-b826-6c52966720cc,Prof.,Hanna,Sauer,"07A/96 Purdy Crossroad Suite 638",side,Iligan,Iowa,Benin,648-577-405,231-836-434,"Lindgren, Davis and Stracke",http://windler.net/sint-cum-tenetur-a-quibusdam.html,"Health Services Manager",GreenYellow,1988-12-12,zondricka@murazik.biz,w'P)s?(oX6
870437a3-3499-36ae-8821-fa4ee1464e29,Prof.,Eldridge,Wilkinson,"74/89 Hackett Wall Apt. 821",port,Tanauan,Missouri,Djibouti,032-188-721,566-671-143,"Rau Ltd",https://zemlak.com/et-ut-nam-eum-harum-nam-sint-aut-occaecati.html,"Agricultural Engineer",Cornsilk,2001-01-21,shanie.marquardt@keebler.info,m04>#8Jq`
e07ae332-ff68-3a8a-9c86-5d6ddbb22c13,Mrs.,Sebastian,Torphy,"92A/81 Ondricka Underpass Suite 306",berg,Imus,Minnesota,Ethiopia,344-845-716,924-751-047,"Hickle, Muller and Denesik",http://www.price.com/minima-excepturi-similique-nemo-eum.html,"Transportation Inspector",Peru,1985-11-22,tfeest@kessler.com,S1Axt.AYxHG
ed656c47-6093-3521-98a5-d1e7adc3dc7f,Mr.,Broderick,Wisozk,"55A Orn Throughway Apt. 645",side,"Tarlac City",Arkansas,Tanzania,350-405-912,880-940-276,"Turcotte PLC",https://www.littel.com/eum-perspiciatis-vero-voluptatem-quam-molestiae-unde,"Rehabilitation Counselor",LavenderBlush,1995-07-23,ankunding.jamison@yahoo.com,">zGlC2%4""{:"
7836fa7a-49ce-3449-b8cc-b30bff521241,Mr.,Loraine,Roberts,"55 Schmidt Unions",shire,Bais,Minnesota,Montenegro,554-376-000,593-802-566,"Armstrong, Kunze and Wisoky",http://mueller.com/,Psychiatrist,Beige,1992-08-11,gerlach.eve@gmail.com,YB5EBG
029abf41-5e2a-3eef-9de9-e13281197097,Mrs.,Jackeline,Gaylord,"94A White Camp",view,Mandaue,Hawaii,Ireland,992-693-230,032-066-029,"Muller, Ankunding and Price",https://www.steuber.net/sint-ut-facilis-libero-aliquam-qui,"Heating and Air Conditioning Mechanic",MintCream,2023-07-05,ewalsh@bechtelar.org,"_CxtWqt,2w"
e22f05ca-dbff-3006-ac7d-b36bab1e0b2c,Dr.,Julio,Osinski,"80A Wolf Plaza",borough,Marawi,Wyoming,India,136-027-007,280-177-624,"McDermott, Jacobson and Hauck",http://www.weissnat.com/numquam-sit-fugit-ut-dignissimos-voluptas-dolore,"Plant Scientist",DeepSkyBlue,2012-11-26,sheridan88@dooley.com,"H(-]:,-i$<q!"
82caaa28-969c-31ca-aab3-07144faaf8a3,Miss,Zachery,Shields,"35A Crist Burg Apt. 459",bury,Meycauayan,Colorado,"French Guiana",793-428-969,616-030-024,"Wolff, Carroll and Berge",http://roob.com/,"Industrial Machinery Mechanic",MintCream,2013-07-04,thea62@gmail.com,:znL=(V[u7pJ
87823542-1f13-3cae-8e83-c4fc5b98a7cc,Prof.,Anibal,Welch,"67 D'Amore Junctions",mouth,"Quezon City",Louisiana,Australia,051-241-980,786-569-342,"Lockman Group",http://nikolaus.net/quis-dolor-suscipit-optio-omnis-quibusdam-adipisci-recusandae,Producer,DarkSalmon,1981-07-15,claudia99@gmail.com,l9WXT<Z^b4aGvOa'
35d7aa39-dabc-3647-8c1b-98cdd5f74f4c,Prof.,Ferne,Quitzon,"98 Crist Brook",ton,"Cebu City","South Carolina","New Zealand",271-064-442,514-031-314,"Schuppe Group",http://willms.com/,"Job Printer",DarkMagenta,1979-02-26,theresia03@spencer.com,"""P8K=D"
80a1d838-0335-3887-a031-0d490c887d41,Mrs.,Cathy,Hahn,"96/16 Kuhlman Falls Suite 628",chester,Digos,Maryland,Georgia,846-415-735,520-746-690,"Bode and Sons",http://www.koss.info/sed-incidunt-voluptas-aliquam-consectetur-est-ut.html,"Geography Teacher",MediumSpringGreen,1998-05-15,schaden.domenico@hotmail.com,j]H?#2(q7|
a9e20c2c-e9f3-3ce6-b07b-6b823a7dcfdc,Ms.,Sabrina,Leffler,"33A/23 Swift Extensions",chester,Urdaneta,Oklahoma,China,723-154-119,111-216-541,"Kautzer LLC",http://www.okon.org/,"Production Planner",Azure,1971-05-26,keeley97@schaden.com,;lV>.>MQ
dd89b3c5-9d86-3278-8793-3675b00cbb29,Dr.,Loren,O'Connell,"23A Bogisich Loaf Apt. 452",borough,Tacloban,Connecticut,Uruguay,484-230-680,844-252-062,Green-Mitchell,http://koch.com/,"Fabric Pressers",Sienna,2017-09-23,benedict.pollich@rau.org,WH}jXguf{58($/eVVH|y
7d4d86ae-958b-3aff-99e2-c81d519e04fe,Mrs.,Shaina,Spinka,"51 Marquardt Run Suite 697",furt,Escalante,Idaho,Swaziland,955-705-280,880-343-307,Macejkovic-Shields,http://www.wyman.com/doloremque-id-quibusdam-error-perspiciatis-reprehenderit-nemo,"Photographic Processing Machine Operator",Gainsboro,2012-09-07,daisha00@gmail.com,|Ov7?WUHj`~|*sEWx
e34b65b4-2a60-3271-893c-0e196f0ff97f,Dr.,Sigrid,Treutel,"65A/08 Heller Island Apt. 470",fort,Bayugan,"North Dakota",Zimbabwe,988-116-259,819-827-545,"Gerhold and Sons",https://www.cummings.com/voluptatibus-velit-aut-nulla-aut-molestiae,Cartographer,LightSlateGray,1976-11-29,carol.king@hotmail.com,"Gtv^hkk/XUk""cDG"
ee223109-532c-34c4-9d21-d80d4cf3e9ba,Ms.,Leslie,Pagac,"09A Haag Causeway Suite 975",haven,Mati,Pennsylvania,"San Marino",627-393-931,732-713-853,"Gleason and Sons",http://www.bechtelar.com/,Dancer,Thistle,1980-07-20,cecilia.donnelly@friesen.biz,1A@PsQ6*R*(mV!IH
1848cc1e-46d8-376e-a038-8eda7de9f676,Mrs.,Mozelle,Beer,"01A/31 Paucek Hill Suite 220",furt,Toledo,Alaska,"United States Minor Outlying Islands",646-867-536,991-206-864,"Kilback, Kerluke and Tillman",http://www.feeney.net/repudiandae-tempora-ipsum-magnam-culpa,Courier,DodgerBlue,2022-02-06,brice08@schneider.org,"d&i$G@b~Zv'(?\:Li*~"
57b80960-f7d7-3a22-8250-80f53a914212,Mr.,Hassie,Becker,"22A Cummings Court Apt. 289",bury,Tandag,Nebraska,Italy,711-349-307,721-255-490,"Miller Inc",http://www.jakubowski.com/,Landscaper,Chartreuse,1997-09-13,floyd36@marvin.org,QCQi%9b~
8d51bc34-6963-3fd6-8c93-a67d62db7445,Mrs.,Wilma,Crist,"96/64 Jenkins Plains Suite 014",ton,Angeles,"South Carolina",Norway,580-797-414,463-701-610,"Streich Inc",https://www.rogahn.com/omnis-suscipit-voluptatum-assumenda-nihil-voluptate-sit,"Pantograph Engraver",SlateGray,1983-05-23,celia.toy@gmail.com,}OAZpf~5vC<|hyxeC
e3b08577-86f6-353e-872d-4f0b0a104761,Mrs.,Prince,Daniel,"94 Deckow Plains",ville,"Masbate City",Arizona,Tanzania,138-579-752,808-446-231,Stanton-Vandervort,http://emard.com/deleniti-nulla-eveniet-est-culpa-est-quas-aliquam.html,"Power Generating Plant Operator",BurlyWood,2006-08-25,fcrooks@gmail.com,j3Kcfg=_2wH9T&u.0
a95c6e09-06a9-329e-b7f1-5a6c7dffb276,Prof.,Nona,Skiles,"34/21 Bergstrom Knoll",side,Himamaylan,Nebraska,"Turks and Caicos Islands",430-792-824,711-955-153,Hettinger-Fisher,http://www.kshlerin.com/placeat-unde-neque-eos-esse,Surveyor,Cyan,1996-06-10,chadd12@gmail.com,+Q.FJmRXF{nS@ht
457a2b9c-3fc4-385e-b9fe-8bbf7d44eaae,Miss,Margarete,Douglas,"82 Steuber Brooks Suite 144",borough,"Quezon City",Hawaii,Georgia,596-134-771,482-100-621,"Mueller PLC",http://bergstrom.org/quaerat-cum-earum-et-libero-tempore,Geoscientists,SlateBlue,2011-10-21,cormier.abagail@hotmail.com,_C]'^c]@$BJf
77b14f05-dc79-38ac-8adb-7de4b579f88c,Prof.,Sebastian,Dickinson,"18A Bahringer Island",mouth,Tabaco,Illinois,Luxembourg,826-431-920,559-820-606,Denesik-Hermiston,http://www.lind.biz/tempora-in-possimus-voluptatem-officia-maxime-magnam-omnis,"Automotive Technician",LightSteelBlue,1981-04-03,gussie80@hotmail.com,UfH#0chVnV<vb/l;2D^
5d5ed1a6-bf46-3699-9bfe-8e47ecdb0b5a,Dr.,Kory,Fahey,"08A/51 Zulauf Way",ville,Baguio,"West Virginia",Qatar,149-244-757,683-466-318,"Bode, D'Amore and Stiedemann",http://www.fisher.info/quos-est-sunt-consequatur-accusantium,"Human Resource Manager",Blue,2016-02-01,jayson28@hotmail.com,#YiZl$;
a14f12b4-1564-32a7-98cd-ce0a746abdfe,Mrs.,Justina,Hackett,"84 Williamson Plaza Apt. 904",berg,Talisay,"New Mexico",Hungary,511-029-528,997-005-018,"Bailey, Langworth and Wyman",https://halvorson.biz/necessitatibus-incidunt-molestias-ea-quia.html,"Maintenance Worker",Teal,2012-11-05,wyman.daren@macejkovic.biz,oU[O1M%'Q{(GkZ7p/%`
832d31c8-a92f-39eb-bd82-b2cd2eb0ec79,Dr.,Melany,Rolfson,"93 Monahan Glens Suite 381",mouth,Manila,Kansas,"Saint Martin",712-399-683,620-606-416,"Tromp, Hermiston and Stanton",http://damore.com/voluptas-suscipit-quia-et-aperiam-quia,"Sales Person",DarkCyan,1970-11-20,sammy80@gmail.com,rG&d;[f
3bdbe03d-88d1-3400-8e55-a1a7fd0d889a,Prof.,Morton,Jakubowski,"70 Weber Forge Suite 660",ton,"San Pedro",Georgia,Pakistan,769-650-485,981-649-941,"McKenzie and Sons",http://bernhard.net/,"Costume Attendant",Maroon,2001-04-19,imuller@schuster.info,"EG=1wI\f5ywA25yQJ$^"
8807a0ba-bf53-3844-864f-2deb013fc946,Prof.,Derek,Dickens,"93A Quigley Street Apt. 798",borough,"San Juan","New York",Mexico,654-549-970,226-633-970,"Maggio Inc",http://bahringer.com/praesentium-porro-officiis-accusantium-dolores-sunt-deserunt-aut-aliquid,"Pharmacy Technician",SeaGreen,1995-10-12,wwuckert@heidenreich.com,x{^t89/N
c5210485-229c-3860-9a37-86f5f7ec91eb,Dr.,Verna,Lakin,"92A Hamill Grove",ton,Sipalay,Mississippi,Egypt,720-469-910,239-097-498,"Marks LLC",http://emard.com/rem-consectetur-maxime-harum.html,"Personal Trainer",Teal,1999-11-13,vonrueden.brycen@gmail.com,"?Yvbr4J9bO""-:&|{FP]7"
f82e22c4-0304-385e-a1d4-519f21018402,Prof.,Bettie,Halvorson,"44A/94 Keebler Rapid Suite 151",furt,Isabela,Minnesota,"United Arab Emirates",962-414-648,623-930-995,"Hudson, Dickens and Funk",http://goyette.com/,"Pantograph Engraver",DeepSkyBlue,1973-04-12,lorenzo.kautzer@yahoo.com,%`sJFm'zuZu9s~k
6da63e55-6d45-34c8-a43f-3b4e0f4c34fe,Dr.,Yazmin,Ryan,"89A/50 Kovacek Ranch Suite 229",furt,Bayawan,Missouri,"Cape Verde",497-995-679,124-169-943,Wisozk-Roob,http://nicolas.com/,"Special Education Teacher",MediumOrchid,2003-10-06,hattie82@yahoo.com,"uz-!L""rBwA~(+UJOICr"
7bb1372d-2e5e-3c08-898d-95c5b8bdea33,Ms.,Kaitlyn,Gottlieb,"46A Smitham Shoals Apt. 532",mouth,Bislig,Oregon,Vanuatu,251-154-422,681-920-628,"Funk Group",http://reilly.info/est-ex-ab-cum-quis-aut-facere.html,"Software Engineer",Darkorange,1999-11-28,seamus.orn@hotmail.com,Stl`:^{G|6d
4367b7b8-6c2b-354a-8d44-d8d06c37ff99,Mr.,Buster,Hermann,"90 Pfeffer Keys",mouth,Samal,Louisiana,Germany,445-040-113,454-418-848,"Prohaska LLC",https://www.macejkovic.com/totam-ratione-sed-id-nihil-sapiente,"Medical Equipment Repairer",Green,1988-07-03,alemke@mckenzie.com,_MoogavJ
d5329dac-2d74-357d-9d32-f15c5caad780,Prof.,Kathryn,Pollich,"17A/10 Kozey Glen",shire,"Trece Martires","North Dakota",Grenada,075-344-934,773-872-985,"Bernier Ltd",http://www.oberbrunner.biz/magni-voluptas-laborum-tenetur-porro-quia,Teller,YellowGreen,1994-02-11,boris.klocko@robel.com,6Rw`.SKQfbA`Ob'&4%IM
6db023fa-e7da-3632-bbf5-0134310c82cc,Miss,Teresa,Cartwright,"53A Wilderman Tunnel",shire,Talisay,Texas,"Equatorial Guinea",092-230-785,213-259-711,Schinner-Rowe,http://leannon.org/occaecati-aut-quo-in-quis-et,"Textile Machine Operator",LightYellow,1988-03-03,hlehner@hotmail.com,":1""VWN{n=V'4{f<&h"
239b4131-ac88-33d2-a00a-44586b4584bd,Mr.,Selina,Lindgren,"56A/92 Mills Coves Suite 590",fort,Manila,"New Mexico","New Zealand",473-143-070,509-375-718,Beier-Moen,http://www.ferry.com/ipsa-impedit-reiciendis-rem-commodi-et-vero-commodi,"Personnel Recruiter",DarkOrchid,2004-01-21,nathaniel14@gmail.com,#iP&nA$qwH(k>$txf
c0b041b9-c5f1-3af4-8e47-74026f8cd4f7,Prof.,Jaylon,Walker,"95A/71 Jacobs Junction",mouth,Isabela,Vermont,Paraguay,625-632-083,970-535-677,Cartwright-Labadie,http://www.bayer.com/veritatis-assumenda-harum-aliquam-impedit-distinctio-nemo-dicta,Optometrist,MediumPurple,1979-09-21,scormier@yahoo.com,"JjC$j\t#"
32f67a0c-7987-3885-99c0-04e2217e8618,Ms.,Drake,Rippin,"76 Larson Avenue Suite 838",mouth,Canlaon,Montana,"Syrian Arab Republic",588-912-414,487-436-208,"Hoeger, Abbott and Reichel",http://hyatt.com/,"Copy Machine Operator",MistyRose,2006-06-19,runolfsson.annie@waters.info,r{}`#/|7GBsCoA?
e3b61dd8-89cb-3d66-a467-1236357fb91e,Ms.,Stephania,Auer,"85/77 Prohaska Pine Suite 467",chester,"General Santos",Oklahoma,Jamaica,514-452-919,031-599-519,"Aufderhar PLC",http://weimann.org/perferendis-excepturi-saepe-possimus-sint-voluptate-veritatis,"Ship Pilot",Orchid,1997-03-03,mellie.rice@grady.com,fgm!_.y``@
a63591b0-26b1-32d8-b4c2-236012e6eaa2,Mr.,Adolphus,Harber,"28A/26 Crooks Oval Suite 644",shire,"Las Piñas",Maryland,Pakistan,755-331-512,482-996-991,"Schimmel and Sons",http://franecki.com/incidunt-id-iure-dolor-et,"Motor Vehicle Operator",MediumOrchid,2005-03-02,consuelo13@yahoo.com,",=I2VIpD@BpHWR$Wd"
482c83a2-db59-32be-9ce4-f9e245033316,Prof.,Tad,Carter,"78A/31 Erdman Squares Apt. 836",shire,Calbayog,"New York",Kenya,765-649-401,391-604-601,Anderson-Medhurst,http://schmitt.com/laboriosam-provident-ratione-saepe-cum-quibusdam-autem-enim-cupiditate.html,"First-Line Supervisor-Manager of Landscaping, Lawn Service, and Groundskeeping Worker",LightPink,1974-03-11,colleen50@ondricka.com,}gj4-<
1214789f-c7f4-3fd2-93d7-1dcff29c9af1,Prof.,Harrison,Quitzon,"24A/92 Krajcik Cliffs Suite 054",mouth,Digos,"North Carolina",Belize,714-892-226,167-114-308,Moen-Tillman,http://pollich.com/pariatur-optio-dolorem-ipsam-id-ex-omnis-ratione,"Real Estate Broker",MistyRose,1979-08-02,berge.hiram@hotmail.com,"]pb2_""?Ru+^1S$E$"
2ba8e56a-bed3-3a43-baae-0bd829ce1c81,Miss,Geovany,Berge,"36/95 Monahan Port",chester,"San Pablo",Colorado,Tuvalu,921-000-794,313-155-336,Barton-Thompson,http://jaskolski.com/,"Industrial Safety Engineer",Lime,1977-03-30,ruben45@gmail.com,/$mlwc}!.v}=Dz
b157f524-b5b9-3c4d-80b0-8604c61fb040,Prof.,Nellie,Mayert,"17/86 McClure Estates Apt. 322",chester,Catbalogan,Mississippi,"Brunei Darussalam",100-980-795,999-592-468,Halvorson-Marvin,http://www.stracke.info/,"Industrial Engineer",Cyan,2000-05-16,novella.rohan@ryan.com,'oKiiUv6-
8ed2e351-9ca2-3308-914e-5f5224ea02a3,Mrs.,Lyda,Fadel,"96 Langosh Extensions",port,Candon,Arizona,Bahamas,220-659-976,745-854-854,Conroy-Fritsch,https://yost.info/qui-laudantium-et-ut-quis-aut-molestiae-sequi-et.html,"Data Processing Equipment Repairer",Orange,1986-12-01,windler.leilani@morar.biz,"M"".zG_LinJ\7LLQ]P~&"
d00cd0b3-f3a8-31fe-ad42-a17add8707a0,Dr.,Zelma,Moore,"65A/04 Runte Spur",ton,Baybay,"Rhode Island",Australia,723-903-610,907-699-462,Crist-Vandervort,http://www.macejkovic.com/aut-qui-et-quod-omnis-aspernatur-nulla-officia,Usher,DarkOliveGreen,1984-04-05,rowland59@hahn.net,"~861u\kvyj-K5];H>#`"
1667ebc8-7f6e-3e47-b640-665567b18773,Mr.,Mckayla,Johnson,"22 Baumbach Keys Apt. 193",mouth,Sagay,Minnesota,"Cote d'Ivoire",587-967-708,636-597-982,"Jacobi Inc",http://dooley.biz/ut-laboriosam-et-possimus-voluptas-nostrum,"Laundry OR Dry-Cleaning Worker",PaleGreen,1983-04-18,bruen.edwin@nienow.com,lhCe)@h&vjezofl+e6dN
389837be-a54b-384e-9626-734586cac0c1,Dr.,Carol,Schoen,"88/60 Stark Stravenue",mouth,Digos,Pennsylvania,Andorra,798-692-181,472-847-028,"Aufderhar, Bernhard and Nolan",http://www.brakus.com/et-sed-enim-ullam-aut-iste-quaerat-rerum.html,"Tax Examiner",Aquamarine,1990-11-20,rau.mitchell@wuckert.com,M/C5rrSo$Eas5t
44a059be-b4a0-3f21-ba95-1eeca4525a8a,Ms.,Adriel,Blick,"60 Rempel Passage",furt,"Iloilo City",Kansas,Japan,095-365-090,971-650-159,"Weber Group",http://renner.biz/assumenda-perferendis-ipsam-quod-quo-vero-cupiditate-ut.html,"Title Abstractor",DarkBlue,1997-10-27,gillian.schulist@bartell.com,"l\\(Gv&!E:;6!"
d212f1af-e4cc-38e7-ad5f-163da19b7783,Mrs.,Alexzander,Langworth,"13A/35 McCullough Meadows Apt. 112",chester,Mandaue,"New Jersey","Trinidad and Tobago",182-245-629,335-586-232,"Gislason and Sons",http://padberg.info/,"Air Crew Member",OldLace,2021-03-29,emard.kenyatta@mayer.com,a@kk_``OTd
cd0695f7-6787-31a2-8611-ec830de3789d,Mrs.,Jayde,Glover,"41 Hermiston Pass",chester,Kidapawan,California,Mauritania,417-513-382,809-778-455,Greenfelder-Rempel,http://wiegand.com/,"Food Cooking Machine Operators",Gainsboro,1973-04-09,dubuque.charlene@homenick.com,?d`:xCoRTDa#(A#+OV
b93c2743-3ab4-3e08-9a87-e414259d5e27,Ms.,Modesta,O'Kon,"25A/45 Monahan Place",stad,Talisay,Montana,Bhutan,179-931-848,275-964-337,"Muller PLC",http://www.kuhlman.com/quo-iste-eum-iste-itaque-eum-recusandae-nisi,"Supervisor Correctional Officer",RoyalBlue,2017-11-03,bwitting@gmail.com,+E6Ncr0J
b4ac1089-e2cf-34cb-9cba-1ec5c6a1c1fa,Ms.,Kenneth,Fisher,"16/14 Bosco Courts",ville,Batac,Wyoming,Belarus,051-455-455,759-072-649,"Kunde LLC",http://reichel.org/accusantium-molestiae-est-asperiores-et,"Control Valve Installer",MintCream,1999-05-23,jovan.vandervort@kemmer.biz,)`z4#*zNdTL
d6ab056c-1f39-32b3-af6b-59b2ed66cbe3,Mrs.,Lexie,Jacobson,"14/97 Rutherford Mountains Apt. 175",view,Batac,"North Dakota",Barbados,795-069-033,937-758-307,Hahn-Wilkinson,http://www.parisian.com/magnam-saepe-voluptatibus-ipsam-vitae-omnis-nemo-tempore.html,Pediatricians,Azure,2016-06-20,glen.von@yahoo.com,}*wMsjt`SbMJ
861a42fb-6e14-3b6c-bfbf-e0166c97cecb,Dr.,Concepcion,Pollich,"22A/85 Wilderman Pike",ton,Cadiz,Tennessee,"Saudi Arabia",775-548-091,445-092-667,"Dietrich, Russel and West",http://huels.info/repellendus-voluptas-ducimus-et-deleniti-eaque-voluptatem.html,Glazier,LavenderBlush,2013-10-24,tavares97@hegmann.com,]MW=KX;zNJvW$b=Hm#p
84c7de68-1db4-3143-93e8-f1b733692802,Mrs.,London,Harvey,"88 Kunde Springs",ville,Naga,Iowa,"United Arab Emirates",860-393-839,989-309-493,"Langworth, Howe and Ondricka",http://www.medhurst.info/cum-ut-soluta-eaque-quod-libero-hic-eos.html,"Textile Dyeing Machine Operator",Azure,2016-01-02,isabella40@altenwerth.com,"XQiS1-7If)w4""MR"
d64b877c-be0d-37ed-84fc-7c72f8d18bbd,Prof.,Jerel,Friesen,"63A/79 Hudson Mills Suite 177",bury,Danao,Alaska,Ireland,829-641-176,178-212-520,"Lehner Group",http://www.brakus.com/iusto-voluptates-in-neque-aut-sit,"Cost Estimator",BlanchedAlmond,2001-09-27,kris.clyde@hotmail.com,<9H2q@;Ha6/!uMP[d8K=
b9114137-2913-3ef7-99c3-c85f0dab63a7,Mrs.,Gudrun,Lebsack,"71/96 Bahringer Points Suite 884",port,Pagadian,"New Mexico",Gibraltar,173-431-814,364-034-772,"Mosciski PLC",http://haley.com/,"Human Resources Manager",Lime,2004-02-05,mossie90@pagac.info,kT|kFQ}m
62efbe5c-58a8-3ad0-9093-4cbc9c57b053,Mr.,Lonzo,Powlowski,"14 Williamson Meadow Suite 542",furt,Bago,Illinois,Greenland,802-935-719,491-355-012,Jacobson-Denesik,http://www.pfannerstill.com/ipsam-eos-mollitia-labore-quo-quae,"Radio Mechanic",BlanchedAlmond,2010-09-05,malvina38@keeling.com,"]jp2,ftvd[,p6P7FeoL*"
01a6edda-0aa2-39e3-be0b-8a044d80a66a,Miss,Kraig,McKenzie,"88/52 Witting Union Suite 213",land,Mabalacat,Arkansas,Lithuania,834-277-872,182-049-766,"Roob, McLaughlin and Beatty",https://www.prohaska.com/facilis-cum-exercitationem-quia-commodi-veniam,"Foreign Language Teacher",PapayaWhip,1997-06-10,christopher28@dicki.com,"jSY3\n;RUa""^m"
ef605dac-70df-36f2-a3ca-49029c808ff4,Prof.,Makenzie,Herzog,"14A Reinger Highway Suite 713",burgh,"San Fernando","West Virginia",Morocco,343-561-213,805-746-828,"Wolf, Morar and Pagac",https://www.wisoky.com/omnis-sunt-debitis-quam-fuga-ipsa,"Motorboat Mechanic",Gray,1996-09-16,reinger.arlie@hotmail.com,4'7iDhekQD
41c17bba-2ba1-3aba-9eca-9606a26e10ae,Prof.,Luisa,Jones,"80/64 Ondricka Fort Apt. 921",fort,Tagbilaran,Minnesota,Malta,711-572-834,420-468-565,"Jenkins, McCullough and Hessel",http://thiel.com/maiores-natus-eum-voluptates-quia-facilis,"Philosophy and Religion Teacher",LightGray,1993-04-19,leannon.lavina@schaden.com,!.;97f`$QCf%f.@K.&
7c5daef7-bb3d-31c7-b972-f085fc4fd47b,Miss,Hazel,Nienow,"52A Krajcik Trafficway",chester,Cadiz,Delaware,Uganda,896-129-431,138-438-721,"Cronin Ltd",https://kuvalis.biz/dolore-amet-in-et-praesentium.html,"Supervisor Correctional Officer",Turquoise,1982-04-01,dibbert.amy@bashirian.org,C|05O;Mwx=z$y
5a317c67-0f02-3bf2-aeb8-d02ec3e790b5,Dr.,Lysanne,Streich,"48A Waters Knoll",borough,Sagay,Nevada,"Netherlands Antilles",960-681-503,341-038-744,"Schmeler Inc",https://www.gerhold.org/veniam-nihil-quaerat-alias-velit-doloribus-eos-et,"Zoologists OR Wildlife Biologist",LightBlue,1995-12-31,clare.armstrong@hotmail.com,g@Pir@r?
e68af04b-5ccf-3861-8955-95fbfc87fa68,Dr.,Addison,Walker,"30A Thompson Track",ton,Lapu-Lapu,"South Dakota",Moldova,165-995-340,930-008-395,"Prohaska, Dickens and Bode",http://williamson.com/incidunt-facilis-a-natus-natus-id-rerum.html,Postmasters,DarkTurquoise,2015-01-05,breanne86@gmail.com,dRsy}*}Y|d^^#MBF
fd4a24a7-a843-3dfa-8ac0-ce558ded219e,Dr.,Vernie,Graham,"45A/74 Gerlach Drives Apt. 920",ville,Parañaque,"Rhode Island","Palestinian Territories",683-030-644,743-734-802,"Kuphal, Senger and Huel",http://www.tromp.biz/ab-ut-quasi-dolores-accusamus-dignissimos-possimus-dolorum-quis,"Service Station Attendant",LightSteelBlue,1995-05-15,lfriesen@gmail.com,YV<'/e:
853e8a5a-3d44-3e5b-902b-5240da522fcd,Miss,Cydney,Fisher,"67 Schmeler Route Apt. 594",port,Antipolo,Tennessee,Cyprus,487-647-364,530-865-379,Auer-Langworth,http://www.jast.info/et-pariatur-et-ut,Engineer,DeepSkyBlue,2023-02-07,qtorphy@altenwerth.com,"4x@qIfHEyY-VE*,q54ZT"
1111df85-c9f5-3d94-82f7-0f2be67b87b3,Mr.,Emmanuelle,Franecki,"30/97 Doyle Valley",mouth,Marikina,"West Virginia",Nepal,028-820-038,791-792-649,Koss-Waters,http://schamberger.info/corrupti-eveniet-explicabo-reprehenderit-delectus-similique-modi-rerum-dicta,Surgeon,MediumPurple,1975-12-03,lenny06@pacocha.com,!s)#BHD
c345282b-2cf4-3e28-8f75-992d2f8b6177,Prof.,Mathias,O'Reilly,"43A Grant Centers",chester,Victorias,"Rhode Island",Croatia,322-441-502,964-329-148,"Gusikowski, Volkman and Schaefer",http://www.tillman.com/praesentium-dignissimos-est-dolor,Lifeguard,PaleGreen,1977-06-28,clare.hessel@abbott.com,"lB^9!-o}H6_Z@j""}ABm"
34ee49ed-eb80-34db-b0b2-656b4b5f2998,Dr.,Roy,Cruickshank,"94 Adams Walk",town,Lipa,Louisiana,Singapore,666-065-664,799-222-645,"Rogahn, Purdy and Hills",http://nader.com/corrupti-error-voluptatem-occaecati-ut,"Roof Bolters Mining",LemonChiffon,2018-08-19,murray.walsh@yahoo.com,I8t`khGeuOa{jGR
2155c626-d0f0-3377-959e-3a8c5701a2c1,Ms.,Jace,Balistreri,"35/74 Steuber Glens Suite 022",burgh,Calapan,Ohio,Bhutan,658-419-356,911-250-914,"Renner, Hartmann and Hauck",https://prosacco.com/repellendus-qui-id-officia-porro-inventore-aliquam.html,"Scientific Photographer",WhiteSmoke,1995-12-20,amira.schuppe@hotmail.com,"kq~MmQd9""S?5W:4kULj"
fa30a3f5-0da7-38c8-90c4-f2e587455188,Ms.,Cortez,Emard,"41/51 Bergstrom Causeway Apt. 565",port,Talisay,Illinois,"French Polynesia",438-651-533,795-306-297,"Marvin Group",http://ferry.com/aliquid-repellat-sit-et-excepturi-nihil-quo-quisquam-iure,"Desktop Publisher",Plum,2024-04-09,dhane@yahoo.com,Aty^RWMs8
f7927b61-fc17-3076-886e-8b845d4c0703,Mr.,Elmer,Krajcik,"84 Kunze Radial",haven,Ilagan,Nevada,"American Samoa",563-768-182,807-978-356,"Erdman Group",https://torphy.com/perspiciatis-ab-earum-nemo-ad-quia-voluptate-voluptatibus.html,Physician,PapayaWhip,2011-08-05,verla63@moore.com,<iT7@ZuX/9t#OKoO7W
4a947725-6dfe-32de-a03d-66e59a020f21,Prof.,Gregg,Bashirian,"81A Brekke Plains Apt. 531",ton,Calamba,Montana,Guernsey,781-749-462,149-445-932,Becker-Feil,http://krajcik.biz/occaecati-ut-molestiae-ducimus-expedita-repudiandae-autem-sunt-inventore,"Immigration Inspector OR Customs Inspector",GreenYellow,1990-07-16,collier.kirstin@dooley.biz,+Hg~K-3rIM>%Pjsx{|d
587e897b-4101-3039-b9a8-34b8e40ee268,Dr.,Enrique,Aufderhar,"80 Lind Cape",haven,Manila,Michigan,Kuwait,336-810-266,218-560-150,"Shields and Sons",http://harvey.com/repudiandae-non-commodi-dicta-accusamus-unde.html,"Pipelaying Fitter",Khaki,1972-12-01,triston36@yahoo.com,+zz=K-2*HrjmA3JidSS
46babfbc-402b-33e1-a705-204d4497754b,Prof.,Yesenia,West,"08A/26 Ortiz Fork",town,Tanauan,Arizona,Mozambique,756-135-469,942-310-000,"Goodwin and Sons",http://renner.net/et-fugit-sint-officiis-quo-possimus-tenetur-labore.html,"Outdoor Power Equipment Mechanic",Green,2010-03-22,jaden.fahey@hotmail.com,"}}V_`<EBdD""aS"
591a3d3c-1dca-34b5-8a5d-fb03a16d60f9,Miss,Brook,Hyatt,"91 Kirlin Parkway Suite 876",haven,"Davao City",Missouri,Georgia,672-976-736,935-274-528,"McKenzie Ltd",http://www.walsh.com/quam-in-ut-molestiae-in.html,"Gas Distribution Plant Operator",RoyalBlue,1984-06-22,dhuels@schamberger.com,$Ik1xZM(y
663e0524-53b0-39e3-8260-55ce1ab63f4c,Dr.,Alejandrin,Bechtelar,"51/13 VonRueden Squares Suite 320",ton,Legazpi,Wisconsin,"Pitcairn Islands",901-281-421,108-170-108,Shanahan-Harris,https://www.osinski.org/eum-impedit-consectetur-nihil-doloremque-odio-sequi-unde-corrupti,"Production Worker",YellowGreen,1981-09-05,kolby.mertz@hermann.com,PL5}68LxQjrKBjqpj
f7147987-3077-311d-90fa-2756bf4dbeef,Prof.,Dexter,Harvey,"20 Herzog Islands",port,"Cavite City",Montana,Seychelles,283-244-961,070-804-661,"Wuckert, Schroeder and Gorczany",http://nader.com/ipsum-doloremque-sed-reiciendis-et,"Recyclable Material Collector",BlanchedAlmond,2006-09-12,renner.rigoberto@little.com,LOH+|GKJ!kpkQdwx
77b73872-aa02-3399-b3a0-1c07294fa2e5,Prof.,Frances,Dickinson,"11 Bailey Mills",fort,Cauayan,Arkansas,Mozambique,913-066-667,044-004-702,"Rodriguez LLC",http://www.koch.com/maiores-odio-eligendi-perferendis,"Word Processors and Typist",MidnightBlue,2007-05-11,gladyce66@borer.com,"G\=&dwgi$}7"
d0c0da3f-45f4-323b-9982-7782550e9df8,Prof.,Serenity,Gulgowski,"95 Mueller Curve",ville,"San Jose",Missouri,Kazakhstan,001-789-147,369-459-511,"O'Reilly PLC",http://www.huel.biz/possimus-quaerat-tempora-quia.html,"Director Of Talent Acquisition",Cyan,1992-03-28,mclaughlin.lelia@hotmail.com,Yf9@o([[fwp|ULq6
988980c7-1aae-3945-b4ba-c567667beaa1,Mr.,Furman,Adams,"30A Hayes Junction",town,Tagaytay,Missouri,Oman,603-785-253,144-308-629,"Fahey, Howe and Eichmann",http://brakus.com/labore-enim-doloremque-doloribus-ipsam-expedita,Historian,LightGray,2017-02-03,alba70@damore.com,jjTM5l-r|~DAk
44264173-fb5e-3f8a-ad8a-4e4b87313d15,Ms.,Asia,Gislason,"69A/55 Sanford Skyway",mouth,Taguig,"South Dakota",Barbados,919-057-273,800-497-097,Waelchi-Carroll,http://jones.biz/perspiciatis-aut-dolor-libero-qui-animi-et,Inspector,LightSkyBlue,2022-05-03,maximillian15@hotmail.com,!o|'tDLSd[UZ&ks=
c24fd790-75aa-38a9-ac41-89c0acbfa281,Dr.,Thea,Johnson,"24 Ebert Plains Apt. 088",chester,Cauayan,Arkansas,"Lao People's Democratic Republic",098-390-245,576-771-938,Gaylord-Williamson,http://marquardt.com/minus-tempora-culpa-eos-illo-modi,"Keyboard Instrument Repairer and Tuner",OldLace,2020-08-06,prosacco.selena@leuschke.net,Aep>/1&K3%L!`n
7a64479b-7dfd-348a-b6df-f33f373b11a8,Mr.,Harley,Nikolaus,"33A/06 Cummerata Roads",fort,Malaybalay,Ohio,Myanmar,254-621-490,789-058-219,"Maggio Ltd",http://www.grimes.com/,"Tour Guide",DarkOrchid,2014-07-12,schimmel.wilfrid@gerhold.info,A/F~o'
349161d6-069b-369f-a03c-823b9e95adf9,Dr.,Arianna,Will,"41 Metz Mountains",side,Ligao,Arkansas,"Bouvet Island (Bouvetoya)",742-116-106,986-779-386,"Dickens, Ritchie and Nitzsche",http://www.bechtelar.com/dolores-soluta-voluptate-necessitatibus-et-voluptas-nulla,"General Manager",NavajoWhite,1987-03-05,janis.welch@lubowitz.info,s*S/z#{
85884814-93c2-3166-a131-09789af55e1e,Prof.,Destin,Lowe,"33/61 Hilpert Point",town,"Santa Rosa",Wisconsin,Tunisia,976-361-469,595-344-925,Langosh-Wolff,http://zieme.com/ullam-quia-ut-dolores-aut-et,"Plumber OR Pipefitter OR Steamfitter",Salmon,1987-05-31,icollins@hagenes.com,"H{$a2@5=+p+jt|{4M""-U"
5a3319d1-a2d1-372e-830d-07a63bdd30b6,Ms.,Floy,Mohr,"95 Shields Stream",shire,"Iloilo City",Florida,Bermuda,034-268-258,776-780-560,"Streich Group",http://www.hammes.org/perferendis-adipisci-laudantium-magni-velit-aliquid.html,"Pastry Chef",LightBlue,2012-04-04,zmante@gmail.com,")l0yd\-=r<p7Tv4"
65ab1396-1e4f-37dc-9b6d-2dfc6f5babd6,Mrs.,Marian,Pacocha,"13 Osinski Knolls",haven,Palayan,Arkansas,"American Samoa",315-097-350,540-646-049,"Spencer, Harber and Bernier",http://www.padberg.net/laudantium-quo-odio-et-qui-quod-repellendus,"Dot Etcher",Ivory,1972-06-10,vella.hilpert@lueilwitz.org,"S9WTs+Em:D*}C,%X"
8beeff0c-2813-3938-920f-3df8ac81ef49,Dr.,Reyna,Larson,"98/47 Blanda Track Apt. 672",ton,Mati,Nebraska,Ireland,860-507-178,958-663-995,Kuvalis-Dibbert,http://www.lowe.com/,"Electrical Engineer",DodgerBlue,1995-02-10,marks.elaina@cassin.net,x:N*GM]X&wb{
7196de31-c001-3f22-8380-6100be9e25a2,Prof.,Linnie,Ledner,"57/95 Dietrich Shore",ton,"San Pedro","North Carolina",Ecuador,896-141-404,311-326-047,"Pacocha, Zulauf and Hagenes",https://kuhlman.com/sed-nesciunt-in-temporibus-accusantium-et-deleniti-vel.html,"Food Scientists and Technologist",LightGoldenRodYellow,1971-10-12,amparo.goldner@bartoletti.com,|I.BU0V=3Hcq#b%U
f25ffa8f-34d1-3469-9108-9a0c4de26370,Dr.,Eleazar,Leuschke,"58A/17 Sawayn Lakes Suite 884",bury,"San Jose del Monte",Nevada,Anguilla,531-678-177,285-274-265,Bergstrom-Schumm,https://baumbach.com/ad-et-ipsum-cumque-illum-laborum-dolorum-est-fugiat.html,Assembler,Chocolate,1992-12-20,ccormier@jacobs.com,"o,?mtR>"
f84c9c68-5948-314c-96f6-fd42539e7782,Dr.,Abigail,Farrell,"70A/22 Robel Park Suite 792",fort,"San Carlos",Texas,Rwanda,149-243-472,193-456-042,"Heathcote Ltd",https://ruecker.com/eius-recusandae-aut-libero-facilis-illum.html,Librarian,DarkRed,1996-03-27,wendell57@mcclure.com,e}RLTY=((FS&
6a43a824-3093-344b-b7d4-7498c2409658,Prof.,Reba,Heathcote,"76/22 Carroll Drives",mouth,Marawi,Colorado,Greenland,659-448-300,657-885-412,"Mayer Ltd",http://block.net/rerum-nemo-rerum-hic-id,"Database Administrator",Teal,2022-02-24,schulist.lily@bahringer.com,"5oj""0~V3.#Z'5/sLx"
312d4023-3d1f-32ab-a80a-6c93ba28b1a8,Dr.,Ezra,Douglas,"50A Powlowski Ports",port,Tacloban,Montana,Sudan,833-216-544,425-139-624,"Rice Group",http://www.stokes.info/natus-consequatur-et-et-aut,"Marine Cargo Inspector",YellowGreen,2006-05-11,hilda.okeefe@cremin.biz,}i!Rk&o!pX1*]La>Mx8
5ce377c9-896c-3b49-b955-8a7ff35426a5,Dr.,Hettie,Carter,"55 Veum Ville",shire,Tabuk,Arizona,Bahrain,656-414-934,942-239-224,"Feest Group",http://www.little.com/optio-aut-laudantium-rerum-veniam,"Public Transportation Inspector",LightSlateGray,2001-01-27,wstroman@bauch.com,ECtBDsp9Re[G-O
60596825-5ef7-3e73-9378-41a6f7bfe962,Mr.,Jacques,Nader,"05A/69 Haag Burgs",berg,Sagay,Maryland,Andorra,021-484-525,776-211-086,"Stroman Group",https://www.bogisich.com/eum-beatae-enim-reiciendis-dignissimos,"Securities Sales Agent",DarkViolet,1994-05-13,treichert@leuschke.com,BCq[~qt7kxh
140d8497-81b6-37cf-80de-3eec79b14b2c,Dr.,Burdette,Runte,"81A Abernathy Green",side,"Trece Martires",Vermont,Suriname,604-874-424,930-619-612,Wunsch-Larkin,http://schimmel.com/,"Fashion Designer",Yellow,2009-10-30,yvonne.bogan@hotmail.com,"9M.4/yE7&,}a5i<Y(_"
21eb83e7-1aa5-3a51-ba00-74af43c166c9,Prof.,Mateo,Fritsch,"91A/99 Kris Cove",fort,Valencia,Virginia,Kazakhstan,373-455-196,512-586-173,Huels-Stroman,http://www.lubowitz.org/qui-veniam-magni-et-nesciunt-qui-assumenda-qui.html,Solderer,LavenderBlush,2016-05-01,hane.donnell@boyer.com,"%,vPs0"
f7293d91-da96-3030-b500-0ae01ee59e36,Ms.,Ruth,Gorczany,"86A/50 Kihn Oval",ville,Calbayog,Pennsylvania,Martinique,420-286-562,779-844-593,"Doyle Group",https://fadel.com/voluptas-vel-maiores-reprehenderit-soluta.html,"Painting Machine Operator",PapayaWhip,1971-02-17,sauer.jay@glover.com,T/IB%l'A>I
402b0021-9f71-364c-ba29-fd8d0cd61f2c,Dr.,Ozella,McGlynn,"72A Grant Cape",burgh,"General Santos",Oregon,"Cook Islands",467-218-248,208-062-772,Padberg-Champlin,http://www.bogisich.info/et-dolore-rerum-quia-laudantium-in-in-dolorum.html,"Network Admin OR Computer Systems Administrator",Ivory,1998-01-30,cassin.alessia@gmail.com,[7]R%:J1{rt[T@C
c3f79310-effe-3048-9d38-469e23661f67,Miss,Cara,Quigley,"76A/88 Schumm Parkways",burgh,"Masbate City",Idaho,Senegal,773-973-226,356-765-418,Koss-Stiedemann,http://www.kiehn.com/maxime-vitae-nostrum-omnis-quis,"Interior Designer",White,1990-10-09,daphne97@metz.com,&B>ODW&WouwF6+
dc0a8a01-39c8-3368-bc02-204f21bfb19b,Prof.,Genesis,Ruecker,"82 Lemke Greens Apt. 236",burgh,Meycauayan,Colorado,Sudan,512-547-825,595-114-212,"Rath LLC",http://huels.com/in-consequatur-quia-reiciendis-qui,"Tool Set-Up Operator",FireBrick,1977-12-24,zcartwright@gmail.com,m2D9r?y7
